family,AM,EM,ER,NM,OM,AM.perc,EM.perc,ER.perc,NM.perc,OM.perc,type.50,type.60,type.80,type.100,shannon,rich,r.e0,r.e09
Acanthaceae,2091,196,200,1123,188,0.550552922590837,0.0516061084781464,0.0526592943654555,0.295681937862033,0.0494997367035282,AM,MIX,MIX,MIX,1.14564407483527,3947,0.197083900829015,0.142335755854878
Achariaceae,80,6,5,7,2,0.8,0.06,0.05,0.07,0.02,AM,AM,MIX,MIX,0.761494760428527,101,0.0527094402237022,0.0273864392236436
Achatocarpaceae,9,0,1,0,1,0.818181818181818,0,0.0909090909090909,0,0.0909090909090909,AM,AM,AM,MIX,0.600166073159646,11,0.0460159733984273,0.0133015993582649
Acoraceae,2,0,0,0,0,1,0,0,0,0,AM,AM,AM,AM,0,2,0.00404717343918599,0.000556500609115217
Actinidiaceae,136,8,10,9,13,0.772727272727273,0.0454545454545455,0.0568181818181818,0.0511363636363636,0.0738636363636364,AM,AM,MIX,MIX,0.847178253182992,176,0.0736699777253691,0.0415729175540745
Adoxaceae,159,7,4,11,10,0.832460732984293,0.0366492146596859,0.0209424083769634,0.0575916230366492,0.0523560209424084,AM,AM,AM,MIX,0.673608425053928,194,0.0576630108858209,0.0329548480014729
Aextoxicaceae,1,0,0,0,0,1,0,0,0,0,AM,AM,AM,AM,0,1,0,0
Aizoaceae,658,109,106,998,119,0.330653266331658,0.0547738693467337,0.0532663316582915,0.501507537688442,0.0597989949748744,NM,MIX,MIX,MIX,1.19577143862807,2270,0.17409638496386,0.122309773866363
Akaniaceae,2,0,0,0,0,1,0,0,0,0,AM,AM,AM,AM,0,2,0.0125395782205291,0.00172423619166069
Alismataceae,32,7,4,67,10,0.266666666666667,0.0583333333333333,0.0333333333333333,0.558333333333333,0.0833333333333333,NM,MIX,MIX,MIX,1.1640721277271,120,0.0754068732374181,0.0402784017326588
Alseuosmiaceae,4,0,0,1,1,0.666666666666667,0,0,0.166666666666667,0.166666666666667,AM,AM,MIX,MIX,0.867563228481461,6,0.0235287701495495,0.00532442858329049
Alstroemeriaceae,211,11,9,13,15,0.814671814671815,0.0424710424710425,0.0347490347490347,0.0501930501930502,0.0579150579150579,AM,AM,AM,MIX,0.733048022997641,259,0.0560119970150693,0.0331465999420551
Altingiaceae,12,2,2,0,0,0.75,0.125,0.125,0,0,AM,AM,MIX,MIX,0.735621939758795,19,0.0306377140477204,0.0107134790378665
Amaranthaceae,889,92,119,824,101,0.439012345679012,0.0454320987654321,0.0587654320987654,0.406913580246914,0.0498765432098765,MIX,MIX,MIX,MIX,1.18383343584335,2052,0.146355037150707,0.102252063826835
Amaryllidaceae,1805,103,124,130,90,0.801509769094139,0.0457371225577265,0.0550621669626998,0.0577264653641208,0.0399644760213144,AM,AM,AM,MIX,0.771388156423867,2258,0.108430525192735,0.0761549996798361
Amborellaceae,1,0,0,0,0,1,0,0,0,0,AM,AM,AM,AM,0,1,0,0
Anacardiaceae,526,32,32,27,51,0.787425149700599,0.0479041916167665,0.0479041916167665,0.0404191616766467,0.0763473053892216,AM,AM,MIX,MIX,0.805386619150006,701,0.109523626320221,0.0712496903513205
Anarthriaceae,6,1,1,2,1,0.545454545454545,0.0909090909090909,0.0909090909090909,0.181818181818182,0.0909090909090909,AM,MIX,MIX,MIX,1.2945451658449,11,0.0436206699623183,0.0126092013865275
Ancistrocladaceae,18,1,1,0,1,0.857142857142857,0.0476190476190476,0.0476190476190476,0,0.0476190476190476,AM,AM,AM,MIX,0.567060930955282,21,0.0618236733949448,0.0223089987712747
Anisophylleaceae,67,2,0,4,3,0.881578947368421,0.0263157894736842,0,0.0526315789473684,0.0394736842105263,AM,AM,AM,MIX,0.489394995933719,78,0.114329906960139,0.0567704958232034
Annonaceae,1514,99,102,107,88,0.792670157068063,0.0518324607329843,0.0534031413612565,0.056020942408377,0.0460732984293194,AM,AM,MIX,MIX,0.79729662881456,2106,0.0801355456276445,0.0560681058169329
Aphloiaceae,0,0,1,0,1,0,0,0.5,0,0.5,MIX,MIX,MIX,MIX,0.693147180559945,2,0.00733876403615078,0.00100910591494003
Apiaceae,2475,160,144,195,153,0.791493444195715,0.0511672529581068,0.0460505276622961,0.0623600895426927,0.0489286856411896,AM,AM,MIX,MIX,0.799600340156518,3257,0.110213896242271,0.0788767130838199
Apocynaceae,4036,286,256,376,274,0.771996939556236,0.0547054322876817,0.0489671002295333,0.071920428462127,0.0524100994644223,AM,AM,MIX,MIX,0.850298312239671,5556,0.184420900805599,0.135207825619767
Apodanthaceae,0,1,0,22,1,0,0.0416666666666667,0,0.916666666666667,0.0416666666666667,NM,NM,NM,MIX,0.344598248102823,26,NA,NA
Aponogetonaceae,22,2,1,29,3,0.385964912280702,0.0350877192982456,0.0175438596491228,0.508771929824561,0.0526315789473684,NM,MIX,MIX,MIX,1.05468908764832,58,0.0434526672783309,0.0203553270560524
Aquifoliaceae,392,20,24,19,20,0.825263157894737,0.0421052631578947,0.0505263157894737,0.04,0.0421052631578947,AM,AM,AM,MIX,0.704827299460885,480,0.0893842053723207,0.0563162791532267
Araceae,1639,157,180,1237,144,0.488233541852845,0.0467679475722371,0.0536193029490617,0.368483765266607,0.0428954423592493,MIX,MIX,MIX,MIX,1.15311220879132,3368,0.0576041234313727,0.0412924443173976
Araliaceae,1201,75,86,79,86,0.786509495743288,0.0491159135559921,0.0563195808775377,0.0517354289456451,0.0563195808775377,AM,AM,MIX,MIX,0.814145819210917,1533,0.0957834490945466,0.0657917108097032
Araucariaceae,31,3,0,2,2,0.815789473684211,0.0789473684210526,0,0.0526315789473684,0.0526315789473684,AM,AM,AM,MIX,0.676480135324185,39,0.0185462228623025,0.00794087917961459
Arecaceae,1744,115,105,150,113,0.783116299955097,0.0516389762011675,0.0471486304445442,0.0673551863493489,0.0507409070498428,AM,AM,MIX,MIX,0.821464736700092,2522,0.0677509095372251,0.0478652058816421
Argophyllaceae,19,0,1,2,0,0.863636363636364,0,0.0454545454545455,0.0909090909090909,0,AM,AM,AM,MIX,0.48510450039094,22,0.0445050399625339,0.0162900047299252
Aristolochiaceae,421,28,44,77,41,0.689034369885434,0.0458265139116203,0.072013093289689,0.126022913256956,0.0671031096563011,AM,AM,MIX,MIX,1.02968948719909,624,0.0526871562991945,0.033955123814709
Asparagaceae,2149,138,164,202,160,0.763953075008887,0.049057945254177,0.0583007465339495,0.0718094560966939,0.0568787771062922,AM,AM,MIX,MIX,0.871479361667221,2879,0.111842058998148,0.0795545043196803
Asteliaceae,25,3,1,3,0,0.78125,0.09375,0.03125,0.09375,0,AM,AM,MIX,MIX,0.744999360496174,37,0.0657307478962856,0.0277793138994721
Asteropeiaceae,24639,1676,1553,1732,1548,0.791029921664312,0.0538076280981122,0.0498587389238474,0.0556054963400539,0.0496982149736741,AM,AM,MIX,MIX,0.802035518723711,8,0.0614767536889923,0.0156875303475073
Atherospermataceae,5,2,0,0,1,0.625,0.25,0,0,0.125,AM,AM,MIX,MIX,0.900256051268537,20,0.0336482561446324,0.0119588989692192
Austrobaileyaceae,16,2,0,1,1,0.8,0.1,0,0.05,0.05,AM,AM,MIX,MIX,0.708346577706171,1,0,0
Balanopaceae,1,0,0,0,0,1,0,0,0,0,AM,AM,AM,AM,0,9,0.0289878708560763,0.00775463924300496
Balanophoraceae,6,2,1,0,0,0.666666666666667,0.222222222222222,0.111111111111111,0,0,AM,AM,MIX,MIX,0.848685557726417,45,0.101481689109215,0.0449576537925867
Balsaminaceae,2,2,3,33,4,0.0454545454545455,0.0454545454545455,0.0681818181818182,0.75,0.0909090909090909,NM,NM,MIX,MIX,0.897863439347408,488,0.137434039315037,0.0867190119316325
Barbeyaceae,374,31,26,24,32,0.767967145790554,0.0636550308008214,0.053388090349076,0.0492813141683778,0.0657084188911704,AM,AM,MIX,MIX,0.861749498075249,1,0,0
Basellaceae,1,0,0,0,0,1,0,0,0,0,AM,AM,AM,AM,0,19,0.0808690439563862,0.0282785068719419
Bataceae,9,1,1,2,1,0.642857142857143,0.0714285714285714,0.0714285714285714,0.142857142857143,0.0714285714285714,AM,AM,MIX,MIX,1.12753478981913,2,0.0121111784064638,0.00166532970765289
Begoniaceae,2,0,0,0,0,1,0,0,0,0,AM,AM,AM,AM,0,1601,0.193625499655917,0.133347559220971
Berberidaceae,1270,80,74,83,94,0.793254216114928,0.0499687695190506,0.0462211118051218,0.051842598376015,0.0587133041848844,AM,AM,MIX,MIX,0.795437369738522,755,0.0532692400199001,0.0348550386034958
Betulaceae,587,39,39,46,28,0.794316644113667,0.0527740189445196,0.0527740189445196,0.0622462787550744,0.0378890392422192,AM,AM,MIX,MIX,0.790255149418284,234,0.166345032815235,0.0972848127492533
Biebersteiniaceae,13,186,12,15,8,0.0555555555555556,0.794871794871795,0.0512820512820513,0.0641025641025641,0.0341880341880342,EM,EM,MIX,MIX,0.786909200378713,5,0.0218503558824323,0.00456807812089646
Bignoniaceae,5,0,0,0,0,1,0,0,0,0,AM,AM,AM,AM,0,852,0.23105236614721,0.152566549211286
Bixaceae,667,39,44,38,58,0.788416075650118,0.0460992907801418,0.0520094562647754,0.0449172576832151,0.0685579196217494,AM,AM,MIX,MIX,0.806147991522919,23,0.0466669130757025,0.0173116752884998
Blandfordiaceae,16,1,3,2,1,0.695652173913043,0.0434782608695652,0.130434782608696,0.0869565217391304,0.0434782608695652,AM,AM,MIX,MIX,1.00316592101781,4,0.0201472134831272,0.00381297723976895
Bonnetiaceae,2,1,1,0,0,0.5,0.25,0.25,0,0,MIX,MIX,MIX,MIX,1.03972077083992,36,0.0383262102337308,0.0160863072043608
Boraginaceae,30,2,1,0,3,0.833333333333333,0.0555555555555556,0.0277777777777778,0,0.0833333333333333,AM,AM,AM,MIX,0.61912858631753,2686,0.105278843130813,0.0746219028501905
Boryaceae,1477,137,160,696,133,0.567422205147906,0.0526315789473684,0.0614675374567806,0.267383787936996,0.0510948905109489,AM,MIX,MIX,MIX,1.15260709353818,12,0.0234225485043401,0.00699344719673383
Brassicaceae,9,0,0,2,1,0.75,0,0,0.166666666666667,0.0833333333333333,AM,AM,MIX,MIX,0.721463686692511,4060,0.11998664487159,0.0867677466715754
Bromeliaceae,190,203,199,3192,207,0.0476071160110248,0.0508644450012528,0.0498621899273365,0.799799548985217,0.0518667000751691,NM,NM,MIX,MIX,0.778116803987205,3320,0.0947243797708908,0.06785437098861
Brunelliaceae,1017,155,170,1803,173,0.306509945750452,0.0467148884870404,0.0512356841470765,0.543399638336347,0.0521398432790838,NM,MIX,MIX,MIX,1.14324420267139,60,0.0584679894450898,0.0275824791466233
Bruniaceae,49,4,3,3,1,0.816666666666667,0.0666666666666667,0.05,0.05,0.0166666666666667,AM,AM,AM,MIX,0.713743799156952,92,0.0483369187426105,0.0247204916743056
Burmanniaceae,69,5,3,3,3,0.831325301204819,0.0602409638554217,0.036144578313253,0.036144578313253,0.036144578313253,AM,AM,AM,MIX,0.682840017707509,163,0.0462863807831509,0.0258513970732543
Burseraceae,128,13,4,6,9,0.8,0.08125,0.025,0.0375,0.05625,AM,AM,MIX,MIX,0.759705247205172,649,0.108235332998126,0.0699783647152135
Butomaceae,514,39,23,37,32,0.796899224806202,0.0604651162790698,0.0356589147286822,0.0573643410852713,0.0496124031007752,AM,AM,MIX,MIX,0.782420020258084,2,0.00935775489219172,0.00128672427206456
Buxaceae,0,1,1,0,0,0,0.5,0.5,0,0,MIX,MIX,MIX,MIX,0.693147180559945,122,0.0385159380581224,0.0206257575442671
Byblidaceae,104,2,2,8,6,0.852459016393443,0.0163934426229508,0.0163934426229508,0.0655737704918033,0.0491803278688525,AM,AM,AM,MIX,0.597665869473014,7,0.044777238348724,0.0108152293371401
Cabombaceae,0,0,2,5,0,0,0,0.285714285714286,0.714285714285714,0,NM,NM,MIX,MIX,0.598269588585257,6,0.0159165031561906,0.00360181530153106
Cactaceae,0,1,0,5,0,0,0.166666666666667,0,0.833333333333333,0,NM,NM,NM,MIX,0.450561208866305,2233,0.280136523322891,0.196632059572499
Calceolariaceae,1402,92,91,145,82,0.773730684326711,0.0507726269315673,0.0502207505518764,0.0800220750551876,0.0452538631346578,AM,AM,MIX,MIX,0.842209367466205,281,0.145663295936899,0.0869919396270198
Calophyllaceae,236,10,9,9,15,0.845878136200717,0.03584229390681,0.032258064516129,0.032258064516129,0.0537634408602151,AM,AM,AM,MIX,0.639595465245848,127,0.0561501786148711,0.0302539688174771
Calycanthaceae,105,5,6,2,9,0.826771653543307,0.0393700787401575,0.047244094488189,0.015748031496063,0.0708661417322835,AM,AM,AM,MIX,0.681786309283594,10,0.0211633838423352,0.00589936945439784
Calyceraceae,8,0,2,0,0,0.8,0,0.2,0,0,AM,AM,MIX,MIX,0.500402423538188,56,0.0819998141921302,0.0381301914721205
Campanulaceae,45,2,2,5,2,0.803571428571429,0.0357142857142857,0.0357142857142857,0.0892857142857143,0.0357142857142857,AM,AM,AM,MIX,0.748460892785246,2385,0.0929549689320661,0.0654780671258561
Campynemataceae,1618,121,113,92,435,0.680117696511139,0.0508617065994115,0.0474989491382934,0.0386717108028583,0.182849936948298,AM,AM,MIX,MIX,0.994872526658392,4,0.0118137600920893,0.00223582275459343
Canellaceae,3,1,0,0,0,0.75,0.25,0,0,0,AM,AM,MIX,MIX,0.562335144618808,21,0.0271697331788859,0.00980416579635315
Cannabaceae,18,0,1,1,1,0.857142857142857,0,0.0476190476190476,0.0476190476190476,0.0476190476190476,AM,AM,AM,MIX,0.567060930955282,102,0.0706294907282064,0.0367572554638538
Cannaceae,83,3,4,8,4,0.813725490196078,0.0294117647058824,0.0392156862745098,0.0784313725490196,0.0392156862745098,AM,AM,AM,MIX,0.725115023720352,12,0.0367833855445812,0.0109826932144239
Capparaceae,8,0,2,0,2,0.666666666666667,0,0.166666666666667,0,0.166666666666667,AM,AM,MIX,MIX,0.867563228481461,449,0.0791987149358601,0.0495950958648432
Caprifoliaceae,208,14,25,177,23,0.465324384787472,0.0313199105145414,0.0559284116331096,0.395973154362416,0.0514541387024608,MIX,MIX,MIX,MIX,1.14523982851484,857,0.0739244589467198,0.0488342647167578
Cardiopteridaceae,634,46,30,32,36,0.814910025706941,0.0591259640102828,0.038560411311054,0.0411311053984576,0.0462724935732648,AM,AM,AM,MIX,0.732995555700788,46,0.0439572091137546,0.0195724698702563
Caricaceae,36,4,1,4,1,0.782608695652174,0.0869565217391304,0.0217391304347826,0.0869565217391304,0.0217391304347826,AM,AM,MIX,MIX,0.783053642719984,47,0.0613683528063335,0.0274595572196207
Carlemanniaceae,38,1,1,2,1,0.883720930232558,0.0232558139534884,0.0232558139534884,0.0465116279069767,0.0232558139534884,AM,AM,AM,MIX,0.514349687072108,5,0.0321280330534078,0.00671674940437505
Caryocaraceae,4,0,0,1,0,0.8,0,0,0.2,0,AM,AM,MIX,MIX,0.500402423538188,26,0.0369929217540625,0.014224060560857
Caryophyllaceae,23,2,1,0,0,0.884615384615385,0.0769230769230769,0.0384615384615385,0,0,AM,AM,AM,MIX,0.431071102348777,2456,0.137021091238062,0.0966688169278553
Casuarinaceae,627,109,109,1451,112,0.260382059800664,0.045265780730897,0.045265780730897,0.602574750830565,0.0465116279069767,NM,NM,MIX,MIX,1.07851560716675,91,0.111352112901596,0.056840102173474
Celastraceae,60,15,4,3,9,0.659340659340659,0.164835164835165,0.043956043956044,0.032967032967033,0.0989010989010989,AM,AM,MIX,MIX,1.05044783336994,1168,0.0801577159365898,0.0541130576785391
Centrolepidaceae,859,56,59,99,55,0.761524822695035,0.049645390070922,0.0523049645390071,0.0877659574468085,0.048758865248227,AM,AM,MIX,MIX,0.871711983292764,36,0.0667422361683404,0.0280131040340905
Cephalotaceae,11,4,1,17,3,0.305555555555556,0.111111111111111,0.0277777777777778,0.472222222222222,0.0833333333333333,MIX,MIX,MIX,MIX,1.26733868400551,1,0,0
Ceratophyllaceae,0,0,0,1,0,0,0,0,1,0,NM,NM,NM,NM,0,4,0.007275586378644,0.00137694700515163
Cercidiphyllaceae,0,0,0,3,1,0,0,0,0.75,0.25,NM,NM,MIX,MIX,0.562335144618808,2,0.00669361758538398,0.000920396004624828
Chloranthaceae,2,0,0,0,0,1,0,0,0,0,AM,AM,AM,AM,0,71,0.0219685190776584,0.0107167914309757
Chrysobalanaceae,58,5,3,2,3,0.816901408450704,0.0704225352112676,0.0422535211267606,0.028169014084507,0.0422535211267606,AM,AM,AM,MIX,0.719991816942845,535,0.120060626071348,0.0763746592834217
Circaeasteraceae,420,27,24,24,40,0.785046728971963,0.0504672897196262,0.0448598130841121,0.0448598130841121,0.0747663551401869,AM,AM,MIX,MIX,0.813114716727989,2,0.00549140882022593,0.000755088063132539
Cistaceae,1,0,0,0,1,0.5,0,0,0,0.5,MIX,MIX,MIX,MIX,0.693147180559945,201,0.107862447999155,0.0619216976610514
Cleomaceae,10,160,9,10,11,0.05,0.8,0.045,0.05,0.055,EM,EM,MIX,MIX,0.77716045907753,257,0.08013238290172,0.0473785599238199
Clethraceae,95,13,12,119,10,0.381526104417671,0.0522088353413655,0.0481927710843374,0.477911646586345,0.0401606425702811,MIX,MIX,MIX,MIX,1.14989035527306,85,0.063106363414685,0.03182852575963
Clusiaceae,69,5,4,4,3,0.811764705882353,0.0588235294117647,0.0470588235294118,0.0470588235294118,0.0352941176470588,AM,AM,AM,MIX,0.741630901968612,1047,0.0976846466725445,0.0654584056176892
Colchicaceae,838,54,44,36,45,0.823992133726647,0.0530973451327434,0.0432645034414946,0.0353982300884956,0.0442477876106195,AM,AM,AM,MIX,0.707494259927671,284,0.0569408167128561,0.0340455777585739
Columelliaceae,237,12,7,14,13,0.837455830388693,0.0424028268551237,0.0247349823321555,0.049469964664311,0.0459363957597173,AM,AM,AM,MIX,0.66431033032351,8,0.0222287696820587,0.00567229852017194
Combretaceae,6,0,1,0,1,0.75,0,0.125,0,0.125,AM,AM,MIX,MIX,0.735621939758795,480,0.0707826045172714,0.0445963903643036
Commelinaceae,362,27,29,25,16,0.788671023965142,0.0588235294117647,0.0631808278867102,0.0544662309368192,0.0348583877995643,AM,AM,MIX,MIX,0.80389183465707,728,0.0866853452319212,0.0565599696312002
Asteraceae,341,34,35,283,34,0.469050894085282,0.046767537826685,0.0481430536451169,0.389270976616231,0.046767537826685,MIX,MIX,MIX,MIX,1.15486444918036,32913,0.211889846765324,0.164989813015059
Connaraceae,196,16,10,20,13,0.768627450980392,0.0627450980392157,0.0392156862745098,0.0784313725490196,0.0509803921568627,AM,AM,MIX,MIX,0.854374404715139,267,0.0907343066540535,0.0538797773554091
Convolvulaceae,830,62,61,173,65,0.696893366918556,0.0520570948782536,0.0512174643157011,0.145256087321578,0.054575986565911,AM,AM,MIX,MIX,0.996668143129495,1296,0.127435513284264,0.0866168085355765
Coriariaceae,13,0,0,3,0,0.8125,0,0,0.1875,0,AM,AM,AM,MIX,0.482577565177012,16,0.0808012123623321,0.0267033481806817
Cornaceae,98,6,9,4,3,0.816666666666667,0.05,0.075,0.0333333333333333,0.025,AM,AM,AM,MIX,0.715046699185427,124,NA,NA
Corsiaceae,21,1,2,2,1,0.777777777777778,0.037037037037037,0.0740740740740741,0.0740740740740741,0.037037037037037,AM,AM,MIX,MIX,0.825186498803156,27,0.0280865501077166,0.0109158960524817
Corynocarpaceae,3,1,1,0,0,0.6,0.2,0.2,0,0,AM,MIX,MIX,MIX,0.950270539233235,5,0.0469036512712648,0.00980576903713895
Costaceae,111,7,11,3,7,0.798561151079137,0.0503597122302158,0.079136690647482,0.0215827338129496,0.0503597122302158,AM,AM,MIX,MIX,0.764162571265729,139,0.0701589281668263,0.0383125247744657
Crassulaceae,392,67,74,775,75,0.283441793203181,0.0484454085321764,0.0535068691250904,0.560375994215474,0.0542299349240781,NM,MIX,MIX,MIX,1.14326823487645,1481,0.0814514231773579,0.0558290618281302
Ctenolophonaceae,1,0,0,1,0,0.5,0,0,0.5,0,MIX,MIX,MIX,MIX,0.693147180559945,2,0.00717217873040637,0.000986199848395211
Cucurbitaceae,714,47,40,50,53,0.789823008849557,0.0519911504424779,0.0442477876106195,0.0553097345132743,0.0586283185840708,AM,AM,MIX,MIX,0.804451957466222,965,0.0936449895684804,0.0623946652927667
Cunoniaceae,183,9,12,9,16,0.799126637554585,0.0393013100436681,0.0524017467248908,0.0393013100436681,0.0698689956331878,AM,AM,MIX,MIX,0.774043803924002,245,0.0666193060534698,0.0391722651406337
Cupressaceae,128,11,6,8,7,0.8,0.06875,0.0375,0.05,0.04375,AM,AM,MIX,MIX,0.772397677892031,166,0.0322285379780501,0.0180447515938804
Curtisiaceae,1,0,0,0,0,1,0,0,0,0,AM,AM,AM,AM,0,1,0,0
Cycadaceae,76,5,5,1,5,0.826086956521739,0.0543478260869565,0.0543478260869565,0.0108695652173913,0.0543478260869565,AM,AM,AM,MIX,0.681817897176511,92,0.0285664680939962,0.0146094777046563
Cyclanthaceae,53,13,12,143,10,0.229437229437229,0.0562770562770563,0.051948051948052,0.619047619047619,0.0432900432900433,NM,NM,MIX,MIX,1.08613491433207,231,0.108162384044331,0.0631605101253237
Cymodoceaceae,2,2,1,11,0,0.125,0.125,0.0625,0.6875,0,NM,NM,MIX,MIX,0.950748927050915,16,0.0847535004517937,0.0280095083468187
Cynomoriaceae,0,0,0,1,0,0,0,0,1,0,NM,NM,NM,NM,0,1,NA,NA
Cyperaceae,2332,309,305,2444,267,0.412232632137175,0.0546225914795828,0.0539155029167403,0.432031111896765,0.0471981615697366,MIX,MIX,MIX,MIX,1.18826358015616,5784,0.177956599942,0.130687688451286
Cyrillaceae,4,0,1,1,2,0.5,0,0.125,0.125,0.25,MIX,MIX,MIX,MIX,1.2130075659799,8,0.0319454815433934,0.0081517920369216
Cytinaceae,7,0,1,0,0,0.875,0,0.125,0,0,AM,AM,AM,MIX,0.376770161256437,11,0.0495677622826056,0.0143282965951877
Daphniphyllaceae,29,1,1,2,1,0.852941176470588,0.0294117647058824,0.0294117647058824,0.0588235294117647,0.0294117647058824,AM,AM,AM,MIX,0.613481894300643,34,0.0338749585683328,0.014011761734564
Dasypogonaceae,8,1,0,7,0,0.5,0.0625,0,0.4375,0,MIX,MIX,MIX,MIX,0.881532261188164,16,0.023981874609851,0.00792557845370699
Datiscaceae,1,1,0,0,0,0.5,0.5,0,0,0,MIX,MIX,MIX,MIX,0.693147180559945,2,0.0187315737020754,0.00257565738941699
Degeneriaceae,2,0,0,0,0,1,0,0,0,0,AM,AM,AM,AM,0,2,0.0129833436324508,0.00178525549951827
Dichapetalaceae,165,10,9,7,5,0.841836734693878,0.0510204081632653,0.0459183673469388,0.0357142857142857,0.0255102040816327,AM,AM,AM,MIX,0.650816516755416,196,0.0944194954031695,0.0540319815057794
Dilleniaceae,131,10,6,7,12,0.789156626506024,0.0602409638554217,0.036144578313253,0.0421686746987952,0.072289156626506,AM,AM,MIX,MIX,0.799532921335442,219,0.0456089439955901,0.0264624880354106
Dioscoreaceae,491,35,35,37,35,0.77567140600316,0.0552922590837283,0.0552922590837283,0.0584518167456556,0.0552922590837283,AM,AM,MIX,MIX,0.843251502758182,653,0.0588974204179732,0.0380984533515442
Dipentodontaceae,19,0,0,1,1,0.904761904761905,0,0,0.0476190476190476,0.0476190476190476,AM,AM,AM,MIX,0.380506218477596,21,0.0337148030373843,0.0121659464446555
Dipterocarpaceae,9,118,6,5,7,0.0620689655172414,0.813793103448276,0.0413793103448276,0.0344827586206897,0.0482758620689655,EM,EM,EM,MIX,0.734423919635054,147,0.118761293970353,0.065378991297967
Dirachmaceae,1,0,1,0,0,0.5,0,0.5,0,0,MIX,MIX,MIX,MIX,0.693147180559945,2,0.0119665040205294,0.00164543646979056
Doryanthaceae,2,0,0,0,0,1,0,0,0,0,AM,AM,AM,AM,0,2,0.00607578455610667,0.000835441786010102
Droseraceae,10,5,6,155,13,0.0529100529100529,0.0264550264550265,0.0317460317460317,0.82010582010582,0.0687830687830688,NM,NM,NM,MIX,0.707890760684179,189,0.0690817470515206,0.0393487369390284
Drosophyllaceae,0,0,0,1,0,0,0,0,1,0,NM,NM,NM,NM,0,1,0,0
Ebenaceae,596,46,30,44,35,0.793608521970706,0.0612516644474035,0.0399467376830892,0.0585885486018642,0.0466045272969374,AM,AM,MIX,MIX,0.792273309149162,751,0.0831372466495725,0.0543759535090537
Ecdeiocoleaceae,2,0,0,0,1,0.666666666666667,0,0,0,0.333333333333333,AM,AM,MIX,MIX,0.636514168294813,3,0.0221702800260727,0.00367929615443489
Elaeagnaceae,79,8,8,8,4,0.738317757009346,0.0747663551401869,0.0747663551401869,0.0747663551401869,0.0373831775700935,AM,AM,MIX,MIX,0.928547013997511,108,0.0808323842663884,0.0424623789368055
Elaeocarpaceae,500,32,40,40,32,0.77639751552795,0.0496894409937888,0.062111801242236,0.062111801242236,0.0496894409937888,AM,AM,MIX,MIX,0.840025584304053,644,0.0793345148949806,0.0512606291647947
Elatinaceae,26,1,2,24,4,0.456140350877193,0.0175438596491228,0.0350877192982456,0.421052631578947,0.0701754385964912,MIX,MIX,MIX,MIX,1.09716927270282,57,0.0430748331817943,0.0201049170415376
Emblingiaceae,0,0,0,1,0,0,0,0,1,0,NM,NM,NM,NM,0,1,NA,NA
Ephedraceae,51,4,5,5,5,0.728571428571429,0.0571428571428571,0.0714285714285714,0.0714285714285714,0.0714285714285714,AM,AM,MIX,MIX,0.959783050621764,70,0.0162264810082562,0.00789406775870188
Eriocaulaceae,936,47,66,92,63,0.777408637873754,0.0390365448504983,0.0548172757475083,0.0764119601328904,0.0523255813953488,AM,AM,MIX,MIX,0.832401076792088,1206,0.0864833922528811,0.0585072729286462
Erythroxylaceae,213,18,8,13,15,0.797752808988764,0.0674157303370786,0.0299625468164794,0.048689138576779,0.0561797752808989,AM,AM,MIX,MIX,0.776078059391971,267,0.0624772482670631,0.037100192314718
Escalloniaceae,46,2,5,0,2,0.836363636363636,0.0363636363636364,0.0909090909090909,0,0.0363636363636364,AM,AM,AM,MIX,0.608473502997768,55,0.0411368793841276,0.0190556419945499
Eucommiaceae,1,0,0,0,0,1,0,0,0,0,AM,AM,AM,AM,0,1,0,0
Euphorbiaceae,5209,312,319,302,347,0.802743103713978,0.048081368469718,0.0491601171212822,0.0465402989674834,0.0534751117275389,AM,AM,AM,MIX,0.76976609909514,6547,0.0878806319331623,0.064865111099744
Euphroniaceae,1,1,0,1,0,0.333333333333333,0.333333333333333,0,0.333333333333333,0,MIX,MIX,MIX,MIX,1.09861228866811,4,0.026493521466192,0.00501405290793793
Eupomatiaceae,3,0,0,0,0,1,0,0,0,0,AM,AM,AM,AM,0,3,0.0156817299422213,0.00260248082583746
Eupteleaceae,2,0,0,0,0,1,0,0,0,0,AM,AM,AM,AM,0,2,0.00521085240570165,0.000716510567524802
Fagaceae,16071,2726,1135,1597,1159,0.70834802538787,0.120151622002821,0.0500264456981664,0.0703896332863188,0.0510842736248237,AM,AM,MIX,MIX,0.987425640016643,1101,0.112413598967927,0.0755878347125637
Flagellariaceae,55,883,59,49,55,0.0499545867393279,0.801998183469573,0.0535876475930972,0.0445049954586739,0.0499545867393279,EM,EM,EM,MIX,0.771679217279695,4,0.0224785560403057,0.00425419736760803
Fouquieriaceae,3,0,1,0,0,0.75,0,0.25,0,0,AM,AM,MIX,MIX,0.562335144618808,12,0.0296237089677054,0.00884497450816122
Frankeniaceae,10,2,0,0,0,0.833333333333333,0.166666666666667,0,0,0,AM,AM,AM,MIX,0.450561208866305,73,0.0868110350453501,0.0425740101525298
Garryaceae,3,4,2,61,3,0.0410958904109589,0.0547945205479452,0.0273972602739726,0.835616438356164,0.0410958904109589,NM,NM,NM,MIX,0.670097095228116,25,0.0421296420436201,0.0160171512295376
Gelsemiaceae,17,1,5,1,1,0.68,0.04,0.2,0.04,0.04,AM,AM,MIX,MIX,0.970403168423154,13,0.0553520323339408,0.0170150405417785
Gentianaceae,10,1,0,1,1,0.769230769230769,0.0769230769230769,0,0.0769230769230769,0.0769230769230769,AM,AM,MIX,MIX,0.793730055158425,1682,0.142761961804622,0.0986085899998982
Geraniaceae,1244,89,80,84,86,0.785849652558433,0.0562223626026532,0.0505369551484523,0.0530638029058749,0.0543272267845862,AM,AM,MIX,MIX,0.816119501924713,841,0.0910209597417382,0.0600443800575152
Gesneriaceae,683,47,37,36,38,0.812128418549346,0.0558858501783591,0.0439952437574316,0.0428061831153389,0.0451843043995244,AM,AM,AM,MIX,0.742449157013279,3122,0.196404889651114,0.140270072914578
Ginkgoaceae,2321,157,149,129,140,0.801450276243094,0.0542127071823204,0.0514502762430939,0.0445441988950276,0.0483425414364641,AM,AM,AM,MIX,0.773108548285826,2,0.00258540458245718,0.000355502240407091
Gisekiaceae,1,0,0,0,1,0.5,0,0,0,0.5,MIX,MIX,MIX,MIX,0.693147180559945,7,0.0457339801125398,0.0110463150845795
Gnetaceae,3,0,1,3,0,0.428571428571429,0,0.142857142857143,0.428571428571429,0,MIX,MIX,MIX,MIX,1.00424247305408,41,0.0426316761327506,0.0184762903765465
Gomortegaceae,3,33,1,1,3,0.0731707317073171,0.804878048780488,0.024390243902439,0.024390243902439,0.0731707317073171,EM,EM,EM,MIX,0.738537353035954,1,0,0
Goodeniaceae,1,0,0,0,0,1,0,0,0,0,AM,AM,AM,AM,0,329,0.103143370575123,0.0626481323617531
Goupiaceae,121,152,13,27,13,0.371165644171779,0.466257668711656,0.0398773006134969,0.0828220858895705,0.0398773006134969,MIX,MIX,MIX,MIX,1.18690727749568,2,0.00772009743790453,0.00106154060140472
Grossulariaceae,2,0,0,0,0,1,0,0,0,0,AM,AM,AM,AM,0,195,0.0692407993055034,0.0395975847427114
Grubbiaceae,152,10,9,12,11,0.783505154639175,0.0515463917525773,0.0463917525773196,0.0618556701030928,0.0567010309278351,AM,AM,MIX,MIX,0.821330122502305,3,0.0252058792931821,0.00418307277325731
Gunneraceae,1,1,0,0,1,0.333333333333333,0.333333333333333,0,0,0.333333333333333,MIX,MIX,MIX,MIX,1.09861228866811,69,0.0422985499274695,0.020520611659764
Gyrostemonaceae,56,2,4,4,3,0.811594202898551,0.0289855072463768,0.0579710144927536,0.0579710144927536,0.0434782608695652,AM,AM,AM,MIX,0.738567652463177,17,0.0792452522174474,0.0267257478568315
Haemodoraceae,0,1,2,14,0,0,0.0588235294117647,0.117647058823529,0.823529411764706,0,NM,NM,NM,MIX,0.578325286660127,101,0.0703087686523227,0.0365305875269038
Halophytaceae,3,5,6,80,7,0.0297029702970297,0.0495049504950495,0.0594059405940594,0.792079207920792,0.0693069306930693,NM,NM,MIX,MIX,0.790594922179468,1,0,0
Haloragaceae,0,0,0,1,0,0,0,0,1,0,NM,NM,NM,NM,0,92,0.0830232773314785,0.0424598069019477
Hamamelidaceae,59,8,3,17,3,0.655555555555556,0.0888888888888889,0.0333333333333333,0.188888888888889,0.0333333333333333,AM,AM,MIX,MIX,1.03351475805426,99,0.0443743780519466,0.0229789174584527
Hanguanaceae,78,7,7,3,4,0.787878787878788,0.0707070707070707,0.0707070707070707,0.0303030303030303,0.0404040404040404,AM,AM,MIX,MIX,0.798078992770485,10,0.0302869902683249,0.00844260759931884
Haptanthaceae,8,1,1,0,0,0.8,0.1,0.1,0,0,AM,AM,MIX,MIX,0.639031859650177,1,NA,NA
Heliconiaceae,0,0,0,1,0,0,0,0,1,0,NM,NM,NM,NM,0,204,0.0787674612152946,0.0453029625126795
Helwingiaceae,160,14,12,7,11,0.784313725490196,0.0686274509803922,0.0588235294117647,0.0343137254901961,0.053921568627451,AM,AM,MIX,MIX,0.814239053189064,4,0.0226152434068645,0.00428006624610524
Hernandiaceae,3,0,0,0,1,0.75,0,0,0,0.25,AM,AM,MIX,MIX,0.562335144618808,51,0.0418884869727881,0.0190888661390421
Himantandraceae,36,5,4,4,2,0.705882352941177,0.0980392156862745,0.0784313725490196,0.0784313725490196,0.0392156862745098,AM,AM,MIX,MIX,0.999854640632767,1,0,0
Huaceae,1,0,0,0,0,1,0,0,0,0,AM,AM,AM,AM,0,4,0.012614128836447,0.00238729719090762
Humiriaceae,4,0,0,0,0,1,0,0,0,0,AM,AM,AM,AM,0,63,0.0461451834230499,0.0219868136214549
Hydnoraceae,57,0,1,3,2,0.904761904761905,0,0.0158730158730159,0.0476190476190476,0.0317460317460317,AM,AM,AM,MIX,0.410816416967825,10,0.023097950257752,0.0064386368089777
Hydrangeaceae,9,0,1,0,0,0.9,0,0.1,0,0,AM,AM,AM,MIX,0.325082973391448,237,0.0765365104622164,0.0448288845240989
Hydrocharitaceae,166,13,8,13,9,0.794258373205742,0.062200956937799,0.0382775119617225,0.062200956937799,0.0430622009569378,AM,AM,MIX,MIX,0.788797363492798,133,0.0660216037266056,0.0358197922040373
Hydroleaceae,41,4,7,76,5,0.308270676691729,0.0300751879699248,0.0526315789473684,0.571428571428571,0.037593984962406,NM,MIX,MIX,MIX,1.06624441659262,11,0.0441595020417179,0.0127649587879736
Hypericaceae,1,0,1,9,0,0.0909090909090909,0,0.0909090909090909,0.818181818181818,0,NM,NM,NM,MIX,0.600166073159646,584,0.0894837194179645,0.0573520791950206
Hypoxidaceae,478,26,25,26,27,0.821305841924399,0.0446735395189003,0.0429553264604811,0.0446735395189003,0.0463917525773196,AM,AM,AM,MIX,0.717064191525502,154,0.126651452988048,0.0701823392708971
Icacinaceae,128,3,5,11,5,0.842105263157895,0.0197368421052632,0.0328947368421053,0.0723684210526316,0.0328947368421053,AM,AM,AM,MIX,0.636861193393392,212,0.0900417144478544,0.0520352143669955
Iridaceae,136,14,10,18,16,0.701030927835051,0.0721649484536082,0.0515463917525773,0.0927835051546392,0.0824742268041237,AM,AM,MIX,MIX,1.01795182296733,2315,0.0791536545340774,0.0556675279826298
Irvingiaceae,1632,111,107,337,109,0.710801393728223,0.0483449477351916,0.046602787456446,0.146777003484321,0.0474738675958188,AM,AM,MIX,MIX,0.958307106611901,11,0.0334814611461653,0.00967831275108538
Iteaceae,9,0,1,1,0,0.818181818181818,0,0.0909090909090909,0.0909090909090909,0,AM,AM,AM,MIX,0.600166073159646,19,0.0346419355475396,0.012113686084465
Ixioliriaceae,16,0,2,0,1,0.842105263157895,0,0.105263157894737,0,0.0526315789473684,AM,AM,AM,MIX,0.536664562484525,4,0.0179063456097363,0.00338887997164179
Ixonanthaceae,2,0,1,1,0,0.5,0,0.25,0.25,0,MIX,MIX,MIX,MIX,1.03972077083992,20,0.0342143548847525,0.012160095655627
Joinvilleaceae,14,1,1,2,2,0.7,0.05,0.05,0.1,0.1,AM,AM,MIX,MIX,1.00976270671132,4,0.0257376458448374,0.00487099905372952
Juglandaceae,4,0,0,0,0,1,0,0,0,0,AM,AM,AM,AM,0,89,0.0955185523000724,0.0485692854839157
Juncaceae,31,38,3,5,3,0.3875,0.475,0.0375,0.0625,0.0375,MIX,MIX,MIX,MIX,1.14051737588861,506,0.127908620994135,0.0809699388813354
Juncaginaceae,258,24,26,165,31,0.511904761904762,0.0476190476190476,0.0515873015873016,0.327380952380952,0.0615079365079365,AM,MIX,MIX,MIX,1.17777074950129,35,0.0559996121125086,0.0233364717493032
Kirkiaceae,3,0,4,27,1,0.0857142857142857,0,0.114285714285714,0.771428571428571,0.0285714285714286,NM,NM,MIX,MIX,0.760244927415106,5,0.0237953304476732,0.00497469830616859
Koeberliniaceae,3,1,1,0,0,0.6,0.2,0.2,0,0,AM,MIX,MIX,MIX,0.950270539233235,2,0.0108322531467295,0.00148947297782663
Krameriaceae,0,0,1,1,0,0,0,0.5,0.5,0,MIX,MIX,MIX,MIX,0.693147180559945,25,0.0385006259418015,0.0146374457087294
Lacistemataceae,22,1,1,0,1,0.88,0.04,0.04,0,0.04,AM,AM,AM,MIX,0.498758465912883,13,0.0280750430997256,0.00863017989424563
Lactoridaceae,8,1,1,1,2,0.615384615384615,0.0769230769230769,0.0769230769230769,0.0769230769230769,0.153846153846154,AM,AM,MIX,MIX,1.17865499634165,1,0,0
Lamiaceae,1,0,0,0,0,1,0,0,0,0,AM,AM,AM,AM,0,7886,0.216763706270916,0.161165991885115
Lanariaceae,6281,363,367,428,401,0.801147959183673,0.0463010204081633,0.0468112244897959,0.0545918367346939,0.0511479591836735,AM,AM,AM,MIX,0.7740156539785,1,0,0
Lardizabalaceae,1,0,0,0,0,1,0,0,0,0,AM,AM,AM,AM,0,37,0.0286072381605705,0.0120900716041351
Lauraceae,25,0,0,2,3,0.833333333333333,0,0,0.0666666666666667,0.1,AM,AM,AM,MIX,0.562729820034514,2978,0.0886450789025706,0.063161248724248
Lecythidaceae,2310,143,147,161,123,0.800970873786408,0.0495839112343967,0.0509708737864078,0.0558252427184466,0.0426490984743412,AM,AM,AM,MIX,0.774061921782601,341,0.0772418682525381,0.0470897223370318
Fabaceae,271,15,17,17,21,0.794721407624633,0.0439882697947214,0.0498533724340176,0.0498533724340176,0.06158357771261,AM,AM,MIX,MIX,0.790653215215965,24505,0.145588444275853,0.112424448041086
Lentibulariaceae,139,18,20,117,16,0.448387096774194,0.0580645161290323,0.0645161290322581,0.37741935483871,0.0516129032258065,MIX,MIX,MIX,MIX,1.2224788015258,312,0.135678105180819,0.0819515152477954
Lepidobotryaceae,2,0,0,0,0,1,0,0,0,0,AM,AM,AM,AM,0,2,0.00786644710842795,0.00108166419680133
Liliaceae,534,32,27,36,33,0.806646525679758,0.0483383685800604,0.040785498489426,0.054380664652568,0.0498489425981873,AM,AM,AM,MIX,0.758084357161682,746,0.0836344796845098,0.0546729534451954
Limnanthaceae,0,2,1,5,1,0,0.222222222222222,0.111111111111111,0.555555555555556,0.111111111111111,NM,MIX,MIX,MIX,1.14905969697062,9,0.0282797404097167,0.00756520497321086
Linaceae,156,10,7,7,9,0.825396825396825,0.0529100529100529,0.037037037037037,0.037037037037037,0.0476190476190476,AM,AM,AM,MIX,0.703010764564041,213,0.0518958082049919,0.0300080260259628
Linderniaceae,52,5,5,85,7,0.337662337662338,0.0324675324675325,0.0324675324675325,0.551948051948052,0.0454545454545455,NM,MIX,MIX,MIX,1.05769428854584,164,0.154905119430091,0.0865883523274886
Loasaceae,19,10,12,256,13,0.0612903225806452,0.032258064516129,0.0387096774193548,0.825806451612903,0.0419354838709677,NM,NM,NM,MIX,0.698834107913622,314,0.0804743300292252,0.0486405622027566
Loganiaceae,273,11,25,16,20,0.791304347826087,0.0318840579710145,0.072463768115942,0.0463768115942029,0.0579710144927536,AM,AM,MIX,MIX,0.792789029393976,351,0.126476738263813,0.0773329327433656
Loranthaceae,39,45,55,687,49,0.0445714285714286,0.0514285714285714,0.0628571428571429,0.785142857142857,0.056,NM,NM,MIX,MIX,0.816515435168264,886,0.167607197462505,0.110991330004399
Lowiaceae,15,1,1,0,0,0.882352941176471,0.0588235294117647,0.0588235294117647,0,0,AM,AM,AM,MIX,0.443757284260148,17,0.0434236226959275,0.014644773771646
Lythraceae,445,34,31,57,30,0.745393634840871,0.0569514237855946,0.0519262981574539,0.0954773869346734,0.050251256281407,AM,AM,MIX,MIX,0.910371450986572,604,0.0740358398675287,0.0475851778964849
Magnoliaceae,185,19,12,20,12,0.745967741935484,0.0766129032258065,0.0483870967741935,0.0806451612903226,0.0483870967741935,AM,AM,MIX,MIX,0.911563531206739,250,0.0632058911748858,0.0372523377411268
Malpighiaceae,1025,63,74,68,61,0.793958171959721,0.0487993803253292,0.0573199070487994,0.0526723470178156,0.0472501936483346,AM,AM,MIX,MIX,0.793716757083557,1301,0.076398938453881,0.0519405512108914
Malvaceae,3507,244,225,219,222,0.793977812995246,0.0552411138781979,0.0509395517319448,0.0495811636857596,0.0502603577088522,AM,AM,MIX,MIX,0.794058842858786,4465,0.109181971704395,0.0792938000872755
Marantaceae,286,35,31,189,28,0.502636203866432,0.0615114235500879,0.054481546572935,0.332161687170475,0.0492091388400703,AM,MIX,MIX,MIX,1.1901082803182,569,0.0939067066672714,0.0600544822472691
Marcgraviaceae,107,12,4,6,7,0.786764705882353,0.0882352941176471,0.0294117647058824,0.0441176470588235,0.0514705882352941,AM,AM,MIX,MIX,0.797002897588147,137,0.109230759284115,0.0595225919883477
Martyniaceae,20,0,0,0,1,0.952380952380952,0,0,0,0.0476190476190476,AM,AM,AM,MIX,0.191444081957717,21,0.0978296796616028,0.0353017231671541
Melanthiaceae,134,8,11,8,16,0.757062146892655,0.0451977401129944,0.0621468926553672,0.0451977401129944,0.0903954802259887,AM,AM,MIX,MIX,0.880557272591241,181,0.0605422378490585,0.0342912430143924
Melastomataceae,3233,184,208,188,203,0.805029880478088,0.0458167330677291,0.051792828685259,0.0468127490039841,0.0505478087649402,AM,AM,AM,MIX,0.763381063233675,4079,0.127066059932216,0.091906789368233
Meliaceae,525,31,38,37,33,0.79066265060241,0.0466867469879518,0.0572289156626506,0.0557228915662651,0.0496987951807229,AM,AM,MIX,MIX,0.802567273624815,669,0.121416309475031,0.078692962393257
Melianthaceae,17,2,0,0,1,0.85,0.1,0,0,0.05,AM,AM,AM,MIX,0.518186213050213,20,0.0273747154324403,0.00972922503800846
Menispermaceae,359,24,15,23,25,0.804932735426009,0.0538116591928251,0.0336322869955157,0.0515695067264574,0.0560538116591928,AM,AM,AM,MIX,0.760419747983626,448,0.0477039326032813,0.0298665511942356
Menyanthaceae,30,1,1,16,0,0.625,0.0208333333333333,0.0208333333333333,0.333333333333333,0,AM,AM,MIX,MIX,0.82125640662245,55,0.0553268382499041,0.0256287894989753
Misodendraceae,0,0,1,7,0,0,0,0.125,0.875,0,NM,NM,NM,MIX,0.376770161256437,8,0.0554357631181201,0.0141460009526894
Mitrastemonaceae,0,1,0,1,0,0,0.5,0,0.5,0,MIX,MIX,MIX,MIX,0.693147180559945,2,0.00760285365835193,0.00104541916857847
Molluginaceae,41,7,4,43,7,0.401960784313726,0.0686274509803922,0.0392156862745098,0.42156862745098,0.0686274509803922,MIX,MIX,MIX,MIX,1.22520831092198,103,0.0934205245027568,0.0486966838612352
Monimiaceae,109,3,8,11,3,0.813432835820896,0.0223880597014925,0.0597014925373134,0.082089552238806,0.0223880597014925,AM,AM,AM,MIX,0.71156388032997,134,0.0542779102386538,0.0294810231189444
Montiaceae,62,4,2,14,1,0.746987951807229,0.0481927710843374,0.0240963855421687,0.168674698795181,0.0120481927710843,AM,AM,MIX,MIX,0.807267038001312,113,0.211601527376845,0.111966203815185
Montiniaceae,3,1,0,0,0,0.75,0.25,0,0,0,AM,AM,MIX,MIX,0.562335144618808,4,0.0220156742951385,0.00416659430723914
Moraceae,951,62,57,60,81,0.785301403798514,0.0511973575557391,0.0470685383980182,0.0495458298926507,0.0668868703550785,AM,AM,MIX,MIX,0.815598784938869,1217,0.10848973596262,0.0734387163625014
Moringaceae,8,1,2,1,1,0.615384615384615,0.0769230769230769,0.153846153846154,0.0769230769230769,0.0769230769230769,AM,AM,MIX,MIX,1.17865499634165,13,0.0408832941960888,0.012567395972584
Muntingiaceae,3,0,0,0,0,1,0,0,0,0,AM,AM,AM,AM,0,3,0.0227098128025832,0.00376883498152558
Musaceae,57,9,3,4,5,0.730769230769231,0.115384615384615,0.0384615384615385,0.0512820512820513,0.0641025641025641,AM,AM,MIX,MIX,0.932130014699211,78,0.0521758586788538,0.025907913738027
Myodocarpaceae,10,3,0,0,2,0.666666666666667,0.2,0,0,0.133333333333333,AM,AM,MIX,MIX,0.860851390631232,15,0.036899608492631,0.0119290453488449
Myricaceae,41,3,1,3,4,0.788461538461538,0.0576923076923077,0.0192307692307692,0.0576923076923077,0.0769230769230769,AM,AM,MIX,MIX,0.789833989516719,53,0.0844881395045627,0.0388265594762888
Myristicaceae,126,12,12,8,7,0.763636363636364,0.0727272727272727,0.0727272727272727,0.0484848484848485,0.0424242424242424,AM,AM,MIX,MIX,0.867968605733162,170,0.0733090326389342,0.0411780080949525
Myrothamnaceae,0,1,0,1,0,0,0.5,0,0.5,0,MIX,MIX,MIX,MIX,0.693147180559945,2,0.00692451184025857,0.000952144778283701
Myrtaceae,3859,1198,336,273,287,0.648244582563413,0.201243070720645,0.0564421300184781,0.0458592306400134,0.04821098605745,AM,AM,MIX,MIX,1.05342233952615,5970,0.119849711111014,0.0881304004761243
Nartheciaceae,25,1,0,7,3,0.694444444444444,0.0277777777777778,0,0.194444444444444,0.0833333333333333,AM,AM,MIX,MIX,0.878266062592317,36,0.0289228215793061,0.0121395094976586
Nelumbonaceae,0,0,0,2,0,0,0,0,1,0,NM,NM,NM,NM,0,2,0.005742704948064,0.000789642166214987
Nepenthaceae,4,0,1,2,0,0.571428571428571,0,0.142857142857143,0.285714285714286,0,AM,MIX,MIX,MIX,0.955699891112534,7,0.025710723237529,0.00621001603698804
Neuradaceae,6,0,0,1,0,0.857142857142857,0,0,0.142857142857143,0,AM,AM,AM,MIX,0.410116318288409,7,0.025862105433074,0.00624657999722223
Nitrariaceae,9,0,0,3,0,0.75,0,0,0.25,0,AM,AM,MIX,MIX,0.562335144618808,12,0.033655286569048,0.010048713079534
Nothofagaceae,3,28,4,2,1,0.0789473684210526,0.736842105263158,0.105263157894737,0.0526315789473684,0.0263157894736842,EM,EM,MIX,MIX,0.913137871397189,38,0.0443038067368227,0.0188484635933583
Nyctaginaceae,166,128,15,76,22,0.407862407862408,0.314496314496314,0.0368550368550369,0.186732186732187,0.0540540540540541,MIX,MIX,MIX,MIX,1.3223039286832,450,0.169617827367933,0.106238401842984
Nymphaeaceae,34,5,2,21,5,0.507462686567164,0.0746268656716418,0.0298507462686567,0.313432835820896,0.0746268656716418,AM,MIX,MIX,MIX,1.20003735797899,70,0.0377401035632717,0.0183602923269258
Ochnaceae,313,30,29,151,21,0.575367647058823,0.0551470588235294,0.0533088235294118,0.277573529411765,0.0386029411764706,AM,MIX,MIX,MIX,1.11550563341884,560,0.0718483530409142,0.0458854796335621
Olacaceae,109,13,8,13,5,0.736486486486487,0.0878378378378378,0.0540540540540541,0.0878378378378378,0.0337837837837838,AM,AM,MIX,MIX,0.924723595706103,149,0.0434517441316545,0.023966533288465
Oleaceae,548,28,49,30,33,0.796511627906977,0.0406976744186047,0.0712209302325581,0.0436046511627907,0.0479651162790698,AM,AM,MIX,MIX,0.781956789796574,688,0.130429252428651,0.084723869769079
Onagraceae,540,40,39,91,47,0.71334214002642,0.0528401585204756,0.0515191545574637,0.120211360634082,0.0620871862615588,AM,AM,MIX,MIX,0.976355895315239,832,0.0762334775870679,0.05024921073855
Oncothecaceae,1,0,0,0,0,1,0,0,0,0,AM,AM,AM,AM,0,1,0,0
Opiliaceae,8,0,2,22,1,0.242424242424242,0,0.0606060606060606,0.666666666666667,0.0303030303030303,NM,NM,MIX,MIX,0.889696632119767,33,0.0876153477166981,0.0359602910835238
Orobanchaceae,563,90,87,784,79,0.351216469120399,0.0561447286338116,0.0542732376793512,0.489082969432314,0.0492825951341235,MIX,MIX,MIX,MIX,1.18547347538252,1613,0.175244813306774,0.120743172140318
Oxalidaceae,462,40,32,33,29,0.775167785234899,0.0671140939597315,0.0536912751677852,0.0553691275167785,0.0486577181208054,AM,AM,MIX,MIX,0.84304933261583,601,0.103910190943859,0.0667586700740883
Paeoniaceae,27,3,2,2,2,0.75,0.0833333333333333,0.0555555555555556,0.0555555555555556,0.0555555555555556,AM,AM,MIX,MIX,0.904565734803863,36,0.0372875204063798,0.0156503474903449
Pandaceae,16,0,1,0,0,0.941176470588235,0,0.0588235294117647,0,0,AM,AM,AM,MIX,0.223718076065834,17,0.0395597437360609,0.013341666620856
Pandanaceae,398,53,56,512,43,0.374764595103578,0.0499058380414313,0.0527306967984934,0.48210922787194,0.0404896421845574,MIX,MIX,MIX,MIX,1.15415508014681,1062,0.138479938725443,0.0928861717324997
Papaveraceae,265,52,44,508,49,0.288671023965142,0.0566448801742919,0.0479302832244009,0.553376906318083,0.0533769063180828,NM,MIX,MIX,MIX,1.15075818460494,920,0.0513564646673782,0.0341017425566124
Paracryphiaceae,22,1,3,1,2,0.758620689655172,0.0344827586206897,0.103448275862069,0.0344827586206897,0.0689655172413793,AM,AM,MIX,MIX,0.860914271331054,29,0.0348488162548012,0.013816192346458
Passifloraceae,741,41,52,43,43,0.805434782608696,0.0445652173913043,0.0565217391304348,0.0467391304347826,0.0467391304347826,AM,AM,AM,MIX,0.761642364178784,932,0.0767964012049652,0.0510418833226108
Paulowniaceae,9,2,1,7,1,0.45,0.1,0.05,0.35,0.05,MIX,MIX,MIX,MIX,1.25659794352734,20,0.106301950976724,0.0377806887375447
Pedaliaceae,42,2,4,11,2,0.688524590163934,0.0327868852459016,0.0655737704918033,0.180327868852459,0.0327868852459016,AM,AM,MIX,MIX,0.968632255396215,67,0.118617067605894,0.0572153590144457
Penaeaceae,38,3,1,0,3,0.844444444444444,0.0666666666666667,0.0222222222222222,0,0.0666666666666667,AM,AM,AM,MIX,0.58844142751229,45,0.0581814371733071,0.0257751022135396
Pentadiplandraceae,0,0,0,1,0,0,0,0,1,0,NM,NM,NM,NM,0,1,0,0
Pentaphragmataceae,0,0,1,1,0,0,0,0.5,0.5,0,MIX,MIX,MIX,MIX,0.693147180559945,2,0.00836092593527129,0.00114965677791202
Pentaphylacaceae,344,15,18,20,31,0.803738317757009,0.0350467289719626,0.0420560747663551,0.0467289719626168,0.0724299065420561,AM,AM,AM,MIX,0.759598841363964,429,0.0843918319783233,0.0526226988531554
Peridiscaceae,8,0,0,1,0,0.888888888888889,0,0,0.111111111111111,0,AM,AM,AM,MIX,0.348832095843032,9,0.0211069999800116,0.00564640194375619
Petermanniaceae,1,0,0,0,0,1,0,0,0,0,AM,AM,AM,AM,0,1,0,0
Petrosaviaceae,4,0,0,0,0,1,0,0,0,0,AM,AM,AM,AM,0,4,0.00880957356082556,0.00166726299434061
Philesiaceae,2,0,0,0,0,1,0,0,0,0,AM,AM,AM,AM,0,2,0.0166445278352182,0.00228868122849638
Philydraceae,4,1,1,0,0,0.666666666666667,0.166666666666667,0.166666666666667,0,0,AM,AM,MIX,MIX,0.867563228481461,6,0.0177588251129468,0.0040187224166853
Phrymaceae,159,10,10,4,11,0.819587628865979,0.0515463917525773,0.0515463917525773,0.0206185567010309,0.0567010309278351,AM,AM,AM,MIX,0.711520553608898,199,0.15471993810169,0.0887097482184635
Phyllanthaceae,1654,136,92,97,90,0.799420009666506,0.0657322377960367,0.0444659255679072,0.0468825519574674,0.0434992750120831,AM,AM,MIX,MIX,0.776159560776717,2099,0.0747379477213669,0.0522819595392486
Phyllonomaceae,4,0,0,0,1,0.8,0,0,0,0.2,AM,AM,MIX,MIX,0.500402423538188,5,0.0262554845195574,0.00548902292633848
Phytolaccaceae,19,8,3,31,1,0.306451612903226,0.129032258064516,0.0483870967741935,0.5,0.0161290322580645,MIX,MIX,MIX,MIX,1.18633901177663,62,0.113083935662051,0.0537068124686959
Picramniaceae,31,4,4,4,2,0.688888888888889,0.0888888888888889,0.0888888888888889,0.0888888888888889,0.0444444444444444,AM,AM,MIX,MIX,1.04054182235703,48,0.0344434882032809,0.0154855627471716
Picrodendraceae,76,7,5,4,4,0.791666666666667,0.0729166666666667,0.0520833333333333,0.0416666666666667,0.0416666666666667,AM,AM,MIX,MIX,0.794612260673274,96,0.0505738815852355,0.0260537033613108
Pinaceae,16,201,10,14,14,0.0627450980392157,0.788235294117647,0.0392156862745098,0.0549019607843137,0.0549019607843137,EM,EM,MIX,MIX,0.806968791296158,255,0.0207758782400465,0.0122728348067281
Piperaceae,688,127,131,1557,129,0.261398176291793,0.0482522796352584,0.0497720364741641,0.591565349544073,0.0490121580547112,NM,MIX,MIX,MIX,1.10468667484417,2658,0.0750347570964471,0.0531561177835299
Pittosporaceae,147,4,7,4,3,0.890909090909091,0.0242424242424242,0.0424242424242424,0.0242424242424242,0.0181818181818182,AM,AM,AM,MIX,0.490180909931945,170,0.067364669999918,0.0378390332912018
Plantaginaceae,892,82,91,389,102,0.573264781491003,0.0526992287917738,0.0584832904884319,0.25,0.0655526992287918,AM,MIX,MIX,MIX,1.16530392629834,1614,0.224359238658147,0.154588620138629
Platanaceae,6,1,0,1,1,0.666666666666667,0.111111111111111,0,0.111111111111111,0.111111111111111,AM,AM,MIX,MIX,1.00271826451752,9,0.0231748418508895,0.00619957702170013
Plocospermataceae,1,0,0,0,0,1,0,0,0,0,AM,AM,AM,AM,0,1,0,0
Plumbaginaceae,247,29,29,302,26,0.390205371248025,0.0458135860979463,0.0458135860979463,0.477093206951027,0.0410742496050553,MIX,MIX,MIX,MIX,1.13391189683281,635,0.1091940081474,0.0704728663451518
Poaceae,8529,560,553,1054,589,0.755782011519716,0.049623393885689,0.0490031014621179,0.093398316349136,0.0521931767833407,AM,AM,MIX,MIX,0.883993924989744,11554,0.188782019816271,0.142330970631386
Podocarpaceae,138,11,12,14,14,0.73015873015873,0.0582010582010582,0.0634920634920635,0.0740740740740741,0.0740740740740741,AM,AM,MIX,MIX,0.955766371783666,191,0.0265888342927737,0.0151654383760187
Podostemaceae,14,13,16,182,11,0.0593220338983051,0.0550847457627119,0.0677966101694915,0.771186440677966,0.0466101694915254,NM,NM,MIX,MIX,0.852990157287437,250,0.0696295997853232,0.0410383481629162
Polemoniaceae,355,21,20,30,17,0.801354401805869,0.0474040632054176,0.0451467268623025,0.0677200902934537,0.0383747178329571,AM,AM,AM,MIX,0.769298934320836,455,0.0778033675570276,0.0487810967043168
Polygalaceae,886,54,59,63,75,0.7792436235708,0.0474934036939314,0.0518909410729991,0.0554089709762533,0.0659630606860158,AM,AM,MIX,MIX,0.832243337885189,1163,0.0979719058539569,0.0661202121792885
Polygonaceae,517,209,73,499,66,0.379032258064516,0.153225806451613,0.0535190615835777,0.3658357771261,0.0483870967741935,MIX,MIX,MIX,MIX,1.32624339358003,1384,0.122376357649423,0.083526762635838
Pontederiaceae,16,3,1,10,3,0.484848484848485,0.0909090909090909,0.0303030303030303,0.303030303030303,0.0909090909090909,MIX,MIX,MIX,MIX,1.25472137304873,33,0.0532673286283977,0.0218627066220481
Portulacaceae,72,17,12,144,10,0.282352941176471,0.0666666666666667,0.0470588235294118,0.564705882352941,0.0392156862745098,NM,MIX,MIX,MIX,1.13113635580763,258,0.157685604446761,0.0932735331122786
Posidoniaceae,0,0,2,8,0,0,0,0.2,0.8,0,NM,NM,MIX,MIX,0.500402423538188,10,0.0388518495951246,0.0108300929783187
Potamogetonaceae,25,7,20,126,8,0.134408602150538,0.0376344086021505,0.10752688172043,0.67741935483871,0.043010752688172,NM,NM,MIX,MIX,1.03211783099548,186,0.097086730627243,0.0551859565869685
Primulaceae,2037,142,149,151,135,0.779265493496557,0.0543228768171385,0.0570007651109411,0.0577658760520275,0.0516449885233359,AM,AM,MIX,MIX,0.833627230424604,2788,0.109378732453189,0.0776758721491969
Proteaceae,69,54,71,990,67,0.0551558752997602,0.0431654676258993,0.0567545963229417,0.79136690647482,0.0535571542765787,NM,NM,MIX,MIX,0.800242828773738,1252,0.0752287701796833,0.0510182049358852
Putranjivaceae,179,10,7,9,11,0.828703703703704,0.0462962962962963,0.0324074074074074,0.0416666666666667,0.0509259259259259,AM,AM,AM,MIX,0.693143452056244,216,0.0738261495857622,0.042762221697528
Quillajaceae,2,0,0,0,0,1,0,0,0,0,AM,AM,AM,AM,0,2,0.00965411310081423,0.00132747457004237
Rafflesiaceae,0,0,1,18,3,0,0,0.0454545454545455,0.818181818181818,0.136363636363636,NM,NM,NM,MIX,0.576382066624893,22,NA,NA
Ranunculaceae,1881,136,113,122,116,0.794341216216216,0.0574324324324324,0.0477195945945946,0.0515202702702703,0.0489864864864865,AM,AM,MIX,MIX,0.792717771546282,2377,0.0624884724486878,0.0440093926156011
Rapateaceae,72,6,2,6,1,0.827586206896552,0.0689655172413793,0.0229885057471264,0.0689655172413793,0.0114942528735632,AM,AM,AM,MIX,0.663524571976279,95,0.0587442668657336,0.0302089117687352
Resedaceae,1,3,2,41,3,0.02,0.06,0.04,0.82,0.06,NM,NM,NM,MIX,0.707334548868043,51,0.109973544559898,0.0501156862577446
Restionaceae,198,22,20,201,27,0.423076923076923,0.047008547008547,0.0427350427350427,0.429487179487179,0.0576923076923077,MIX,MIX,MIX,MIX,1.1699504894551,482,0.115062822933599,0.0725222508294725
Rhamnaceae,588,102,50,49,41,0.708433734939759,0.12289156626506,0.0602409638554217,0.0590361445783133,0.0493975903614458,AM,AM,MIX,MIX,0.986703445449568,839,0.087326526251692,0.0575970661332564
Rhipogonaceae,5,1,0,0,0,0.833333333333333,0.166666666666667,0,0,0,AM,AM,AM,MIX,0.450561208866305,6,0.0430254802962485,0.00973642462581212
Rhizophoraceae,94,10,9,22,5,0.671428571428571,0.0714285714285714,0.0642857142857143,0.157142857142857,0.0357142857142857,AM,AM,MIX,MIX,1.04220881407073,142,0.0554166203039612,0.030356024556736
Roridulaceae,0,0,0,1,1,0,0,0,0.5,0.5,MIX,MIX,MIX,MIX,0.693147180559945,2,0.00987608459889968,0.00135799643320117
Rosaceae,3851,243,219,257,225,0.803128258602711,0.0506777893639207,0.0456725755995829,0.0535974973931178,0.0469238790406674,AM,AM,AM,MIX,0.768561273616423,4828,0.0950096791598729,0.0692390953722622
Rousseaceae,9,1,2,2,0,0.642857142857143,0.0714285714285714,0.142857142857143,0.142857142857143,0,AM,AM,MIX,MIX,1.02851376402485,14,0.0317870269881204,0.010032258288701
Rubiaceae,10070,694,625,1082,647,0.767647507241958,0.0529044061594755,0.0476444579966458,0.0824820856837933,0.0493215429181278,AM,AM,MIX,MIX,0.857749511120126,13673,0.161945273459175,0.122800127178598
Ruppiaceae,5,0,0,3,0,0.625,0,0,0.375,0,AM,AM,MIX,MIX,0.661563238157982,8,0.035086716345474,0.0089533668327474
Rutaceae,1358,83,85,90,79,0.80117994100295,0.0489675516224189,0.0501474926253687,0.0530973451327434,0.0466076696165192,AM,AM,AM,MIX,0.77416619660008,1730,0.149115935227011,0.103168502460858
Sabiaceae,97,5,5,5,3,0.843478260869565,0.0434782608695652,0.0434782608695652,0.0434782608695652,0.0260869565217391,AM,AM,AM,MIX,0.647676732995042,116,0.0368778099245234,0.0195943144278589
Salicaceae,753,320,76,60,54,0.596199524940618,0.253365003958828,0.0601741884402217,0.0475059382422803,0.0427553444180523,AM,MIX,MIX,MIX,1.1048354776182,1269,0.0782174592794314,0.0530915188725636
Salvadoraceae,3,0,0,5,0,0.375,0,0,0.625,0,NM,NM,MIX,MIX,0.661563238157982,8,0.0363335352193913,0.009271527889549
Santalaceae,449,45,43,379,60,0.460040983606557,0.0461065573770492,0.0440573770491803,0.388319672131148,0.0614754098360656,MIX,MIX,MIX,MIX,1.1753974336771,992,0.172892979142879,0.115421211420044
Sapindaceae,1372,99,69,79,87,0.8042203985932,0.0580304806565064,0.0404454865181712,0.0463071512309496,0.0509964830011723,AM,AM,AM,MIX,0.764208816201367,1751,0.108762952726168,0.0753028185411296
Sapotaceae,996,67,67,66,59,0.793625498007968,0.0533864541832669,0.0533864541832669,0.052589641434263,0.0470119521912351,AM,AM,MIX,MIX,0.794928300397095,1343,0.105873908760962,0.0721257510703222
Sarcobataceae,0,0,0,1,1,0,0,0,0.5,0.5,MIX,MIX,MIX,MIX,0.693147180559945,2,0.0192446151870615,0.00264620240143248
Sarcolaenaceae,2,59,6,1,1,0.0289855072463768,0.855072463768116,0.0869565217391304,0.0144927536231884,0.0144927536231884,EM,EM,EM,MIX,0.571620122467902,69,0.100762400563524,0.048883616469482
Sarraceniaceae,0,0,2,27,3,0,0,0.0625,0.84375,0.09375,NM,NM,NM,MIX,0.538556946260942,32,0.043691595656842,0.0177879313546709
Saururaceae,7,0,0,0,0,1,0,0,0,0,AM,AM,AM,AM,0,7,0.0170390170181609,0.0041155034014306
Saxifragaceae,157,41,39,467,41,0.210738255033557,0.0550335570469799,0.0523489932885906,0.626845637583893,0.0550335570469799,NM,NM,MIX,MIX,1.09451419362806,775,0.0873600592426239,0.0572759720166347
Scheuchzeriaceae,0,0,0,1,0,0,0,0,1,0,NM,NM,NM,NM,0,1,0,0
Schisandraceae,59,4,1,4,5,0.808219178082192,0.0547945205479452,0.0136986301369863,0.0547945205479452,0.0684931506849315,AM,AM,AM,MIX,0.73275733646939,73,0.0270430176011173,0.0132624810348541
Schlegeliaceae,34,2,2,2,3,0.790697674418605,0.0465116279069767,0.0465116279069767,0.0465116279069767,0.0697674418604651,AM,AM,MIX,MIX,0.799549469500225,43,NA,NA
Schoepfiaceae,24,3,1,2,1,0.774193548387097,0.0967741935483871,0.032258064516129,0.0645161290322581,0.032258064516129,AM,AM,MIX,MIX,0.82252194140531,51,0.0974533370083445,0.0444101432014894
Sciadopityaceae,1,0,0,0,0,1,0,0,0,0,AM,AM,AM,AM,0,1,0,0
Scrophulariaceae,1171,88,74,127,75,0.762866449511401,0.057328990228013,0.0482084690553746,0.0827361563517915,0.0488599348534202,AM,AM,MIX,MIX,0.870251084230039,1576,0.179718911021741,0.123652826610063
Simaroubaceae,91,12,8,3,3,0.777777777777778,0.102564102564103,0.0683760683760684,0.0256410256410256,0.0256410256410256,AM,AM,MIX,MIX,0.800342302695733,121,0.0959147827054642,0.0512984372299836
Simmondsiaceae,2,0,0,0,0,1,0,0,0,0,AM,AM,AM,AM,0,2,0.0083212521389504,0.00114420149111736
Siparunaceae,49,1,6,0,5,0.80327868852459,0.0163934426229508,0.0983606557377049,0,0.0819672131147541,AM,AM,AM,MIX,0.676497782452663,61,0.0461735976813034,0.0218565870214346
Sladeniaceae,3,0,0,0,0,1,0,0,0,0,AM,AM,AM,AM,0,3,0.0143444256093641,0.00238054683657776
Smilacaceae,188,12,16,18,14,0.758064516129032,0.0483870967741935,0.0645161290322581,0.0725806451612903,0.0564516129032258,AM,AM,MIX,MIX,0.885989703334065,261,0.0690490875145697,0.0408974199995742
Solanaceae,2059,119,133,116,130,0.805240516229957,0.0465389127884239,0.0520140789988267,0.0453656628861948,0.0508408290965976,AM,AM,AM,MIX,0.762722923577636,2678,0.140340582744944,0.0994584831111399
Sphaerosepalaceae,12,1,2,1,4,0.6,0.05,0.1,0.05,0.2,AM,MIX,MIX,MIX,1.15821469340122,20,0.0445867757936823,0.0158465492175271
Sphenocleaceae,1,0,0,1,0,0.5,0,0,0.5,0,MIX,MIX,MIX,MIX,0.693147180559945,2,0.0127649587879736,0.00175522681386907
Stachyuraceae,6,0,1,0,0,0.857142857142857,0,0.142857142857143,0,0,AM,AM,AM,MIX,0.410116318288409,7,0.0438939856948921,0.0106018937147099
Staphyleaceae,23,2,2,2,1,0.766666666666667,0.0666666666666667,0.0666666666666667,0.0666666666666667,0.0333333333333333,AM,AM,MIX,MIX,0.858689046671152,30,0.0681635124249332,0.0272753773979343
Stegnospermataceae,4,0,0,0,1,0.8,0,0,0,0.2,AM,AM,MIX,MIX,0.500402423538188,5,0.0269769817952924,0.00563986055741896
Stemonaceae,31,1,2,0,2,0.861111111111111,0.0277777777777778,0.0555555555555556,0,0.0555555555555556,AM,AM,AM,MIX,0.549458047865018,36,0.0441752069370513,0.0185412527164037
Stemonuraceae,58,8,2,3,0,0.816901408450704,0.112676056338028,0.028169014084507,0.0422535211267606,0,AM,AM,AM,MIX,0.645449480248988,71,0.0489404703485483,0.0238743818554722
Stilbaceae,28,4,2,3,1,0.736842105263158,0.105263157894737,0.0526315789473684,0.0789473684210526,0.0263157894736842,AM,AM,MIX,MIX,0.913137871397189,38,0.106324333116736,0.0452342692298095
Strelitziaceae,6,0,0,1,0,0.857142857142857,0,0,0.142857142857143,0,AM,AM,AM,MIX,0.410116318288409,7,0.0298242517775878,0.00720357339305206
Stylidiaceae,26,1,1,1,2,0.838709677419355,0.032258064516129,0.032258064516129,0.032258064516129,0.0645161290322581,AM,AM,AM,MIX,0.656670935140681,31,0.0436128358119607,0.0176064221437987
Styracaceae,111,8,10,4,0,0.834586466165414,0.0601503759398496,0.075187969924812,0.0300751879699248,0,AM,AM,AM,MIX,0.619940007518537,133,0.0620466887186309,0.0336632158475471
Surianaceae,4,1,1,0,0,0.666666666666667,0.166666666666667,0.166666666666667,0,0,AM,AM,MIX,MIX,0.867563228481461,6,0.0258107213003374,0.0058408213167696
Symplocaceae,154,14,8,19,13,0.740384615384615,0.0673076923076923,0.0384615384615385,0.0913461538461538,0.0625,AM,AM,MIX,MIX,0.921375974071926,210,0.0708211417203005,0.0408797665407875
Tamaricaceae,59,5,3,9,3,0.746835443037975,0.0632911392405063,0.0379746835443038,0.113924050632911,0.0379746835443038,AM,AM,MIX,MIX,0.888579578028508,79,0.0884092475065598,0.0440028510928341
Tapisciaceae,5,0,0,0,1,0.833333333333333,0,0,0,0.166666666666667,AM,AM,AM,MIX,0.450561208866305,6,0.0198418040369456,0.00449008885236547
Taxaceae,27,2,2,0,0,0.870967741935484,0.0645161290322581,0.0645161290322581,0,0,AM,AM,AM,MIX,0.473981265634931,31,0.0216495796973466,0.00873989577359157
Tecophilaeaceae,24,0,1,0,1,0.923076923076923,0,0.0384615384615385,0,0.0384615384615385,AM,AM,AM,MIX,0.324508386931071,26,0.0420838490553829,0.0161815609369107
Tetrachondraceae,3,0,0,0,0,1,0,0,0,0,AM,AM,AM,AM,0,3,0.0207692830818615,0.0034467919793343
Tetramelaceae,0,1,0,0,0,0,1,0,0,0,EM,EM,EM,EM,0,1,0,0
Tetrameristaceae,2,0,0,0,0,1,0,0,0,0,AM,AM,AM,AM,0,2,0.0109502768451034,0.00150570165223904
Theaceae,283,15,16,28,22,0.777472527472527,0.0412087912087912,0.043956043956044,0.0769230769230769,0.0604395604395604,AM,AM,MIX,MIX,0.831361821306536,370,0.0869242160076661,0.053431151610681
Thurniaceae,4,0,0,0,0,1,0,0,0,0,AM,AM,AM,AM,0,4,0.0244458742657305,0.00462652377508912
Thymelaeaceae,746,44,47,50,50,0.79615795090715,0.0469583778014941,0.0501600853788687,0.0533617929562433,0.0533617929562433,AM,AM,MIX,MIX,0.787988640330635,938,0.090956811559218,0.0604812330753648
Ticodendraceae,0,1,0,0,0,0,1,0,0,0,EM,EM,EM,EM,0,1,0,0
Tofieldiaceae,9,1,1,5,2,0.5,0.0555555555555556,0.0555555555555556,0.277777777777778,0.111111111111111,MIX,MIX,MIX,MIX,1.26767702904526,29,0.023881845407484,0.00946821743744921
Torricelliaceae,7,0,0,0,1,0.875,0,0,0,0.125,AM,AM,AM,MIX,0.376770161256437,8,0.0252419932978328,0.00644120764565079
Trigoniaceae,25,0,2,2,3,0.78125,0,0.0625,0.0625,0.09375,AM,AM,MIX,MIX,0.761350864988816,32,0.0619980914152223,0.0252409594484995
Triuridaceae,45,3,4,1,1,0.833333333333333,0.0555555555555556,0.0740740740740741,0.0185185185185185,0.0185185185185185,AM,AM,AM,MIX,0.653042817857825,54,0.0407164316667018,0.0187868922268437
Trochodendraceae,1,0,1,0,0,0.5,0,0.5,0,0,MIX,MIX,MIX,MIX,0.693147180559945,2,0.00555726413831549,0.000764143401427527
Tropaeolaceae,70,3,5,4,6,0.795454545454545,0.0340909090909091,0.0568181818181818,0.0454545454545455,0.0681818181818182,AM,AM,MIX,MIX,0.783775136847776,89,0.0812029658928985,0.0412900943075732
Typhaceae,28,6,1,26,4,0.430769230769231,0.0923076923076923,0.0153846153846154,0.4,0.0615384615384615,MIX,MIX,MIX,MIX,1.18503387707545,65,0.0462948756337744,0.0221968547004339
Ulmaceae,53,1,3,4,3,0.828125,0.015625,0.046875,0.0625,0.046875,AM,AM,AM,MIX,0.681346792816693,64,0.0583832167771335,0.0279061701586097
Urticaceae,681,55,69,579,74,0.467078189300412,0.0377229080932785,0.0473251028806584,0.397119341563786,0.0507544581618656,MIX,MIX,MIX,MIX,1.14161271235963,1465,0.115269621534135,0.0789560027570557
Vahliaceae,5,0,0,0,0,1,0,0,0,0,AM,AM,AM,AM,0,5,0.0212553158324891,0.00444367788467934
Velloziaceae,235,12,15,7,9,0.845323741007194,0.0431654676258993,0.0539568345323741,0.0251798561151079,0.0323741007194245,AM,AM,AM,MIX,0.638992981038552,278,0.100849586185835,0.0601571567914794
Verbenaceae,826,58,46,47,49,0.805068226120858,0.0565302144249513,0.0448343079922027,0.0458089668615984,0.0477582846003899,AM,AM,AM,MIX,0.762675838921444,1035,0.237714881704571,0.159165719570658
Violaceae,645,41,31,36,44,0.809284818067754,0.0514429109159348,0.0388958594730238,0.0451693851944793,0.055207026348808,AM,AM,AM,MIX,0.750004568270751,806,0.0751649746934831,0.0494272378201026
Vitaceae,590,30,40,34,33,0.811554332874828,0.0412654745529574,0.0550206327372765,0.046767537826685,0.0453920220082531,AM,AM,AM,MIX,0.744161135373097,985,0.0589732296315535,0.0393502038593353
Vivianiaceae,12,1,1,0,0,0.857142857142857,0.0714285714285714,0.0714285714285714,0,0,AM,AM,AM,MIX,0.509137344082687,16,0.0374727525006911,0.012384071080856
Vochysiaceae,166,10,16,8,15,0.772093023255814,0.0465116279069767,0.0744186046511628,0.0372093023255814,0.0697674418604651,AM,AM,MIX,MIX,0.843970452765175,215,0.074031773283134,0.0428569743155979
Welwitschiaceae,1,0,0,0,0,1,0,0,0,0,AM,AM,AM,AM,0,1,0,0
Winteraceae,23,1,1,5,1,0.741935483870968,0.032258064516129,0.032258064516129,0.161290322580645,0.032258064516129,AM,AM,MIX,MIX,0.848066026145116,32,0.030928699549334,0.0125918400599004
Xanthorrhoeaceae,1023,50,53,54,50,0.831707317073171,0.040650406504065,0.0430894308943089,0.0439024390243902,0.040650406504065,AM,AM,AM,MIX,0.686371841826576,1236,0.0941428057604757,0.0637917021366044
Xeronemataceae,1,1,0,0,0,0.5,0.5,0,0,0,MIX,MIX,MIX,MIX,0.693147180559945,2,0.00885326206144125,0.00121735473012979
Xyridaceae,253,16,16,86,16,0.65374677002584,0.041343669250646,0.041343669250646,0.222222222222222,0.041343669250646,AM,AM,MIX,MIX,1.00724725945517,387,0.104692853764185,0.0646390847822605
Zamiaceae,181,10,12,9,4,0.837962962962963,0.0462962962962963,0.0555555555555556,0.0416666666666667,0.0185185185185185,AM,AM,AM,MIX,0.657255759410941,216,0.0339584030772324,0.0196696803101686
Zingiberaceae,1234,85,81,86,90,0.782994923857868,0.0539340101522843,0.0513959390862944,0.0545685279187817,0.0571065989847716,AM,AM,MIX,MIX,0.823771874194543,1587,0.0689506258658664,0.0474603485055949
Zosteraceae,3,1,4,13,1,0.136363636363636,0.0454545454545455,0.181818181818182,0.590909090909091,0.0454545454545455,NM,MIX,MIX,MIX,1.17352627347269,23,0.0958469275715987,0.0355556169920266
Zygophyllaceae,106,8,6,82,6,0.509615384615385,0.0384615384615385,0.0288461538461538,0.394230769230769,0.0288461538461538,AM,MIX,MIX,MIX,1.0403641940488,211,0.0640129968663787,0.0369716247975642
