,No_tips,Crown_treePL,Stem_treePL,Crown_BEAST,Stem_BEAST,Crown_minHPD,Crown_maxHPD,Stem_minHPD,Stem_maxHPD,Order,Family,Subfamily
Acorales,2,14.71913,151.09124,21.57188,145.93498,4.53062,39.90488,143.64677,148.05493,Acorales,NA,NA
Alismatales,38,146.97951,149.81593,140.08401,143.52375,136.71885,143.26023,140.99678,145.59588,Alismatales,NA,NA
Amborellales,1,NA,154.2291,NA,154.05663,NA,NA,153.71601,154.22944,Amborellales,NA,NA
Apiales,23,125.26471,134.30835,95.45168,102.60559,83.91782,106.90018,91.65477,113.89462,Apiales,NA,NA
Aquifoliales,10,131.27573,144.77032,104.24571,122.89284,84.18373,123.8761,114.30254,130.79471,Aquifoliales,NA,NA
Arecales,12,136.5572,142.82886,118.31816,129.78136,105.24334,129.41302,125.05265,134.43669,Arecales,NA,NA
Asparagales,56,142.97883,145.8752,127.55155,133.4694,119.47649,134.09217,128.50402,137.36836,Asparagales,NA,NA
Asterales,49,127.30092,138.83125,105.17709,115.0397,95.41867,113.69458,105.79131,122.8757,Asterales,NA,NA
Austrobaileyales,4,130.18034,153.46802,134.05831,152.27949,121.96448,147.70872,151.33597,153.13078,Austrobaileyales,NA,NA
Berberidopsidales,3,97.42491,150.27708,37.8844,138.97982,10.08355,76.874,136.38607,141.51744,Berberidopsidales,NA,NA
Boraginales,18,103.88484,138.1948,86.58886,113.06926,70.54532,104.91992,103.38181,120.89163,Boraginales,NA,NA
Brassicales,34,126.24663,141.32196,104.2075,116.41176,95.10684,113.64231,109.81001,122.29012,Brassicales,NA,NA
Bruniales,4,NA,NA,NA,NA,NA,NA,NA,NA,Bruniales,NA,NA
Buxales,2,115.62056,151.76955,96.77077,145.71179,66.45149,128.12868,143.96967,147.48183,Buxales,NA,NA
Canellales,4,125.10227,149.44532,129.73143,140.33856,125.00041,137.04598,134.04937,146.10401,Canellales,NA,NA
Caryophyllales,103,129.43531,149.90615,127.92309,137.23863,121.32415,135.05841,134.21275,140.27383,Caryophyllales,NA,NA
Celastrales,6,117.49609,146.954,101.57847,125.75278,78.23738,119.64679,119.11826,131.07509,Celastrales,NA,NA
Ceratophyllales,2,11.15733,152.98005,20.28791,150.05916,3.6639,43.65989,148.89545,151.25349,Ceratophyllales,NA,NA
Chloranthales,2,123,152.57005,128.94668,148.36061,123.00586,136.51604,146.35243,150.16732,Chloranthales,NA,NA
Commelinales,11,121.10607,128.20764,104.03731,114.21946,91.01467,117.01308,103.94807,123.36897,Commelinales,NA,NA
Cornales,13,133.06146,148.03092,104.70411,134.25733,87.01498,124.37753,130.34344,138.0781,Cornales,NA,NA
Crossosomatales,12,138.40285,147.95993,108.92413,130.31594,91.29462,125.58433,126.15,134.66602,Crossosomatales,NA,NA
Cucurbitales,19,138.46249,145.94847,98.70462,123.06241,81.49116,111.27412,116.67488,128.2919,Cucurbitales,NA,NA
Cycadales,1,NA,299.78607,NA,159.90948,NA,NA,99.99888,213.20356,Cycadales,NA,NA
Dilleniales,4,51.33381,150.80508,67.24837,142.46111,47.86187,88.47809,140.33285,144.28935,Dilleniales,NA,NA
Dioscoreales,13,143.6982,145.66512,121.11071,130.38962,108.57947,132.23687,121.2867,137.44794,Dioscoreales,NA,NA
Dipsacales,10,122.13054,129.54974,83.84281,95.33548,66.81901,102.62619,80.74205,109.32736,Dipsacales,NA,NA
Ericales,65,141.1501,147.32259,124.21952,132.12474,119.02389,129.05967,127.54978,136.15555,Ericales,NA,NA
Escalloniales,2,124.07821,135.95908,83.26349,106.08682,50.53499,104.14349,95.43054,115.86271,Escalloniales,NA,NA
Fabales,17,119.66706,147.25828,110.17848,128.47744,97.70311,121.81707,123.66703,133.34812,Fabales,NA,NA
Fagales,13,131.5725,145.94847,114.25718,123.06241,106.19624,121.64308,116.67488,128.2919,Fagales,NA,NA
Garryales,3,107.29562,140.65336,74.51969,111.61282,47.80875,103.26079,88.89729,125.65827,Garryales,NA,NA
Gentianales,27,120.93372,137.92224,100.89555,112.61205,89.65846,109.14636,100.07748,120.85989,Gentianales,NA,NA
Geraniales,4,140.72287,148.89317,114.03406,134.32329,93.27528,131.15379,130.91432,137.84017,Geraniales,NA,NA
Ginkgoales,1,NA,271.92795,NA,129.6797,NA,NA,83.73314,179.07206,Ginkgoales,NA,NA
Gnetales,2,198.1353,352.45198,142.53413,276.33817,94.60199,184.57118,203.10655,355.62647,Gnetales,NA,NA
Gunnerales,4,133.67722,150.92615,103.02551,143.37629,65.22446,140.69372,141.40907,145.14111,Gunnerales,NA,NA
Huerteales,6,126.24716,143.83263,91.43104,120.21131,65.22581,115.21781,114.21592,126.04728,Huerteales,NA,NA
Icacinales,4,NA,NA,NA,NA,NA,NA,NA,NA,Icacinales,NA,NA
Lamiales,97,132.18454,138.1948,104.80152,113.06926,94.84747,114.96643,103.38181,120.89163,Lamiales,NA,NA
Laurales,23,136.10674,148.08164,128.87507,140.74052,119.77506,137.43866,134.18111,145.99925,Laurales,NA,NA
Liliales,19,142.62317,146.35235,118.53305,135.12371,101.87475,131.81538,130.60909,139.21921,Liliales,NA,NA
Magnoliales,16,136.212,148.08164,127.55214,140.74052,117.61067,137.63808,134.18111,145.99925,Magnoliales,NA,NA
Malpighiales,89,142.94319,146.954,118.64948,125.75278,109.9857,124.89903,119.11826,131.07509,Malpighiales,NA,NA
Malvales,35,134.41761,141.32196,108.74804,116.41176,99.90185,116.66345,109.81001,122.29012,Malvales,NA,NA
Metteniusales,2,NA,NA,NA,NA,NA,NA,NA,NA,Metteniusales,NA,NA
Myrtales,21,120.61864,148.60607,117.20375,133.07413,104.87419,128.16849,129.47238,136.68231,Myrtales,NA,NA
Nymphaeales,7,135.55622,153.84448,135.41628,153.50329,124.38824,144.96117,152.78654,154.18466,Nymphaeales,NA,NA
Oxalidales,13,143.78299,147.66901,122.2195,128.85499,112.46732,130.66603,123.46645,133.83701,Oxalidales,NA,NA
Pandanales,10,134.70285,145.66512,110.80467,130.38962,94.04793,126.69495,121.2867,137.44794,Pandanales,NA,NA
Paracryphiales,2,110.30833,137.2542,51.79979,108.97435,12.97335,98.79365,98.53669,118.32471,Paracryphiales,NA,NA
Petrosaviales,2,126.05813,147.50028,68.10174,139.48578,21.09205,121.69407,135.49591,142.93943,Petrosaviales,NA,NA
Pinales,2,201.844,271.92795,83.19903,129.6797,51.91453,126.85649,83.73314,179.07206,Pinales,NA,NA
Piperales,11,138.67485,149.44532,127.59845,140.33856,114.99038,138.85163,134.04937,146.10401,Piperales,NA,NA
Poales,67,134.62398,141.79178,122.76545,127.54217,117.69444,127.0388,122.93592,132.72672,Poales,NA,NA
Pricramniales,2,39.96592,147.37968,39.19087,128.01992,11.92332,74.7186,123.50138,132.71934,Pricramniales,NA,NA
Proteales,11,NA,NA,NA,NA,NA,NA,NA,NA,Proteales,NA,NA
Ranunculales,22,143.27529,152.2147,135.536,148.09635,123.16706,145.91167,146.71112,149.5863,Ranunculales,NA,NA
Rosales,27,132.64269,146.91692,116.92514,126.61222,106.2121,124.04978,121.42032,131.7823,Rosales,NA,NA
Santalales,27,148.21359,150.48828,132.4053,140.31473,125.32021,139.27012,137.92824,142.54846,Santalales,NA,NA
Sapindales,22,108.41548,145.54212,106.68492,123.79672,96.77206,116.48151,118.62648,128.63226,Sapindales,NA,NA
Saxifragales,30,144.12287,150.4348,127.88387,140.24297,116.57498,137.48086,138.04188,142.3587,Saxifragales,NA,NA
Solanales,28,133.78855,137.92224,104.13063,112.61205,88.97784,116.64887,100.07748,120.85989,Solanales,NA,NA
Trochodendrales,2,31.02625,151.725,25.19928,145.25057,7.05055,55.95488,143.40401,146.89599,Trochodendrales,NA,NA
Vahliales,2,27.94096,139.88003,20.47669,118.59819,4.00717,47.24018,109.61689,125.55258,Vahliales,NA,NA
Vitales,2,89.45391,150.33752,93.35157,138.98173,61.61699,121.3923,136.63285,141.19427,Vitales,NA,NA
Zingiberales,17,94.77138,128.20764,91.65511,114.21946,78.34222,102.13318,103.94807,123.36897,Zingiberales,NA,NA
Zygophyllales,3,105.94573,149.09886,82.39004,134.44941,51.05876,111.98893,131.19191,137.49631,Zygophyllales,NA,NA
Acanthaceae,8,102.84854,116.07998,60.9015,70.0502,51.54454,70.50292,62.42092,77.4599,Lamiales,Acanthaceae,NA
Achariaceae,2,132.72294,135.12025,62.91173,89.97758,32.34143,93.38089,73.87191,104.81982,Malpighiales,Achariaceae,NA
Achatocarpaceae,2,11.72137,89.66736,9.50456,85.67541,1.28774,24.4934,74.26368,98.57434,Caryophyllales,Achatocarpaceae,NA
Acoraceae,2,14.71913,151.09124,21.57188,145.93498,4.53062,39.90488,143.64677,148.05493,Acorales,Acoraceae,NA
Actinidiaceae,2,84.27469,118.67836,87.09416,95.93103,83.60017,93.26652,89.13446,103.39535,Ericales,Actinidiaceae,NA
Adoxaceae,2,102.97206,122.13054,64.60188,83.84281,34.8173,90.18048,66.81901,102.62619,Dipsacales,Adoxaceae,NA
Aextoxicaceae,1,NA,97.42491,NA,37.8844,NA,NA,10.08355,76.874,Berberidopsidales,Aextoxicaceae,NA
Afrothismieae,2,76.95544,136.91607,60.82903,101.9046,36.9302,85.48419,86.46569,117.89321,Dioscoreales,Afrothismieae,NA
Aizoaceae,8,84.15124,89.08469,74.14105,84.65912,59.50353,85.77552,78.59792,90.89294,Caryophyllales,Aizoaceae,NA
Akaniaceae,2,61.98932,101.53008,66.82882,82.01375,61.60026,75.96897,67.04234,97.73897,Brassicales,Akaniaceae,NA
Alismataceae,2,41.3269,103.95508,48.74901,105.45084,23.03737,70.88265,84.70214,123.5287,Alismatales,Alismataceae,NA
Alseuosmiaceae,2,36.7749,115.75921,28.63418,78.94847,8.56762,57.04704,56.41993,97.16414,Asterales,Alseuosmiaceae,NA
Alstroemeriaceae,2,73.57088,95.37939,41.81667,65.77388,23.27667,64.57705,38.62436,89.46361,Liliales,Alstroemeriaceae,NA
Altingiaceae,2,24.53628,132.14568,12.15082,105.13475,2.78277,27.11255,88.30593,123.25884,Saxifragales,Altingiaceae,NA
Alzateaceae,1,NA,39.70095,NA,41.18427,NA,NA,19.58911,64.5788,Myrtales,Alzateaceae,NA
Amaranthaceae,18,74.1545,89.66736,72.31384,85.67541,60.15558,85.07337,74.26368,98.57434,Caryophyllales,Amaranthaceae,NA
Amaryllidaceae,3,82.19493,92.65784,50.83704,65.05836,36.96651,66.63992,55.00538,75.21697,Asparagales,Amaryllidaceae,NA
Amborellaceae,1,NA,154.2291,NA,154.05663,NA,NA,153.71601,154.22944,Amborellales,Amborellaceae,NA
Anacampserotaceae,2,51.07036,61.5134,21.35577,32.46421,11.61288,31.68564,21.40904,42.50141,Caryophyllales,Anacampserotaceae,NA
Anacardiaceae,2,70.11765,85.48655,62.18159,81.4972,47.87487,78.57847,72.10058,95.05536,Sapindales,Anacardiaceae,NA
Ancistrocladaceae,2,13.14532,60.4905,17.53758,39.41441,1.88706,39.07894,18.78985,60.12455,Caryophyllales,Ancistrocladaceae,NA
Anisophylleaceae,2,72.65644,135.2569,47.91548,87.12426,14.61819,74.69762,68.23312,105.56435,Cucurbitales,Anisophylleaceae,NA
Annonaceae,7,79.65531,110.22368,67.05013,93.43258,47.67345,83.60587,74.44469,114.36978,Magnoliales,Annonaceae,NA
Aphanopetalaceae,2,12.49243,91.69843,14.45017,84.04745,2.16489,33.4397,75.30279,93.93159,Saxifragales,Aphanopetalaceae,NA
Aphloiaceae,2,17.63551,128.15314,18.77401,85.01754,2.78868,40.47835,56.11057,111.68959,Crossosomatales,Aphloiaceae,NA
Apiaceae,11,85.48575,87.69177,65.30857,70.1042,55.20058,77.36985,66.00051,77.61329,Apiales,Apiaceae,NA
Apocynaceae,8,93.19816,111.57096,69.05986,87.13512,51.9346,84.71823,73.0639,99.89047,Gentianales,Apocynaceae,NA
Apodanthaceae,2,68.47942,135.2569,47.88001,87.12426,29.15732,71.41916,68.23312,105.56435,Cucurbitales,Apodanthaceae,NA
Aponogetonaceae,2,29.43301,107.64611,19.66615,113.02039,1.77373,47.93711,100.47713,126.39036,Alismatales,Aponogetonaceae,NA
Aptandraceae,2,114.972,144.55494,71.61225,113.79489,32.03256,103.92298,94.66787,130.27256,Santalales,Aptandraceae,NA
Aquifoliaceae,2,13.94575,92.27157,10.54475,76.81194,2.24556,22.32945,61.60196,96.63982,Aquifoliales,Aquifoliaceae,NA
Araceae,15,139.14074,146.10074,133.34229,138.32269,129.13989,136.7742,134.60223,141.87,Alismatales,Araceae,NA
Araliaceae,2,71.13901,90.96513,52.53721,73.79721,41.26217,65.95534,66.90433,83.03546,Apiales,Araliaceae,NA
Arecaceae,10,93.11151,136.5572,95.5713,118.31816,79.10531,112.53354,105.24334,129.41302,Arecales,Arecaceae,NA
Argophyllaceae,2,39.31068,110.94574,17.96445,68.22223,5.5215,34.28558,35.93784,97.81607,Asterales,Argophyllaceae,NA
Aristolochiaceae,4,136.24974,138.67485,117.20776,127.59845,97.83647,133.02021,114.99038,138.85163,Piperales,Aristolochiaceae,NA
Asparagaceae,13,90.33452,92.65784,61.27289,65.05836,50.63957,70.81751,55.00538,75.21697,Asparagales,Asparagaceae,NA
Asphodelaceae,3,85.19045,97.3441,55.2641,71.0501,41.77643,67.16639,59.44329,81.04475,Asparagales,Asphodelaceae,NA
Asteliaceae,2,73.90728,101.34924,40.27212,62.17515,23.20336,61.28923,40.90332,87.20488,Asparagales,Asteliaceae,NA
Asteraceae,22,71.41721,78.22657,58.88919,74.77129,47.47364,71.07482,72.09019,80.15813,Asterales,Asteraceae,NA
Asteropeiaceae,1,NA,72.96352,NA,56.11984,NA,NA,23.40842,99.54465,Caryophyllales,Asteropeiaceae,NA
Atherospermataceae,2,76.01149,108.81891,39.44049,74.62193,14.94545,71.34453,43.9017,105.56446,Laurales,Atherospermataceae,NA
Austrobaileyaceae,1,NA,130.18034,NA,134.05831,NA,NA,121.96448,147.70872,Austrobaileyales,Austrobaileyaceae,NA
Balanopaceae,2,31.40391,115.08391,22.56121,98.89259,3.24849,47.86536,84.67593,112.81964,Malpighiales,Balanopaceae,NA
Balanophoraceae,2,120.9053,133.21038,89.53792,94.08184,77.41223,101.55987,83.25603,105.72166,Santalales,Balanophoraceae,NA
Balsaminaceae,1,NA,70.46564,NA,53.94736,NA,NA,28.75916,89.8888,Ericales,Balsaminaceae,NA
Barbeuiaceae,1,NA,92.27576,NA,87.67482,NA,NA,80.98636,94.27942,Caryophyllales,Barbeuiaceae,NA
Barbeyaceae,1,NA,109.5577,NA,90.95845,NA,NA,73.32644,105.90587,Rosales,Barbeyaceae,NA
Basellaceae,2,41.77119,68.53075,24.56395,44.82455,7.60242,43.14056,28.89438,60.30876,Caryophyllales,Basellaceae,NA
Bataceae,1,NA,44.05017,NA,29.67154,NA,NA,17.32272,44.27205,Brassicales,Bataceae,NA
Begoniaceae,2,44.06893,113.27067,24.59648,61.36209,7.5955,41.39581,39.52288,85.36146,Cucurbitales,Begoniaceae,NA
Berberidaceae,3,90.46783,117.67279,67.90927,101.20967,37.28992,91.06877,87.27549,117.74076,Ranunculales,Berberidaceae,NA
Berberidopsidaceae,2,90.91822,97.42491,30.30797,37.8844,5.22792,63.17039,10.08355,76.874,Berberidopsidales,Berberidopsidaceae,NA
Betulaceae,2,60.82763,83.6,69.23556,86.59932,56.00322,81.49189,83.6005,92.43832,Fagales,Betulaceae,NA
Biebersteiniaceae,2,35.08969,96.34372,27.75393,82.05481,6.74934,55.15079,57.40215,104.07686,Sapindales,Biebersteiniaceae,NA
Bignoniaceae,2,93.64371,105.65838,45.78679,52.22921,38.40034,57.90603,41.45664,64.01742,Lamiales,Bignoniaceae,NA
Bixaceae,2,96.30747,112.81038,55.82043,74.95791,30.99551,82.65127,50.08754,96.60378,Malvales,Bixaceae,NA
Blandfordiaceae,2,25.29484,118.18266,17.78199,80.24814,2.54093,45.6195,55.02528,104.05144,Asparagales,Blandfordiaceae,NA
Bonnetiaceae,2,67.72224,112.25796,47.75698,91.46526,28.79204,71.76717,80.32907,103.95224,Malpighiales,Bonnetiaceae,NA
Boraginaceae,2,38.86819,63.55528,31.06632,51.30391,17.2496,45.22374,32.76664,70.90858,Boraginales,Boraginaceae,NA
Boryaceae,2,66.08136,128.09734,37.51342,95.19516,12.965,69.45326,69.50398,120.44308,Asparagales,Boryaceae,NA
Brassicaceae,8,35.25563,53.75826,36.31706,47.04707,24.31932,46.18658,34.80514,58.15912,Brassicales,Brassicaceae,NA
Bromeliaceae,16,46.03809,131.97689,47.51127,106.11644,41.20007,59.90567,75.2596,123.76354,Poales,Bromeliaceae,NA
Brunelliaceae,2,12.80747,95.6255,10.53123,85.43283,1.11212,26.85353,72.15089,100.80491,Oxalidales,Brunelliaceae,NA
Bruniaceae,2,108.64999,138.23253,65.45816,111.93963,22.18522,103.38842,101.93166,120.91623,Bruniales,Bruniaceae,NA
Burmanniaceae,2,72.34903,143.6982,61.14899,121.11071,32.41602,96.22597,108.57947,132.23687,Dioscoreales,Burmanniaceae,NA
Burseraceae,2,57.88309,85.48655,60.21834,81.4972,47.8003,78.11649,72.10058,95.05536,Sapindales,Burseraceae,NA
Butomaceae,1,NA,94.30974,NA,91.10774,NA,NA,72.09322,108.50126,Alismatales,Butomaceae,NA
Buxaceae,2,115.62056,151.76955,96.77077,145.71179,66.45149,128.12868,143.96967,147.48183,Buxales,Buxaceae,NA
Byblidaceae,2,57.1748,116.03209,47.80586,70.3836,41.20034,56.24889,58.56304,81.52888,Lamiales,Byblidaceae,NA
Cabombaceae,2,65.05506,109.21762,61.26159,109.39737,24.5646,100.57438,100.50684,117.36577,Nymphaeales,Cabombaceae,NA
Cactaceae,2,45.25025,61.5134,18.78947,32.46421,6.53621,31.31845,21.40904,42.50141,Caryophyllales,Cactaceae,NA
Calceolariaceae,2,40.04398,111.26928,27.28769,69.75873,7.09073,48.55811,48.50729,87.05173,Lamiales,Calceolariaceae,NA
Calophyllaceae,2,93.07807,109.93157,56.05704,85.14067,24.78151,83.80418,70.35459,98.87757,Malpighiales,Calophyllaceae,NA
Calycanthaceae,3,99.1441,136.10674,101.98173,128.87507,91.79919,113.86271,119.77506,137.43866,Laurales,Calycanthaceae,NA
Calyceraceae,2,33.75255,78.22657,26.70864,74.77129,5.29928,52.89782,72.09019,80.15813,Asterales,Calyceraceae,NA
Campanulaceae,10,88.4109,124.14755,74.74142,98.43582,55.03179,93.30557,87.40109,110.51616,Asterales,Campanulaceae,NA
Campynemataceae,2,110.98228,134.40236,54.42485,87.7747,15.38253,82.41237,64.36888,115.60655,Liliales,Campynemataceae,NA
Canellaceae,2,50.05797,125.10227,47.29675,129.73143,15.47788,97.65584,125.00041,137.04598,Canellales,Canellaceae,NA
Cannabaceae,2,78.99266,90.78652,77.96565,89.9355,66.04081,89.57653,78.34187,99.27136,Rosales,Cannabaceae,NA
Cannaceae,2,9.59447,76.85153,10.96446,62.0529,1.75857,26.61686,42.15137,85.59932,Zingiberales,Cannaceae,NA
Capparaceae,2,51.75023,60.94002,36.22862,53.307,16.11371,56.2623,42.66256,64.75508,Brassicales,Capparaceae,NA
Caprifoliaceae,8,76.08459,122.13054,59.75718,83.84281,45.89978,77.77636,66.81901,102.62619,Dipsacales,Caprifoliaceae,NA
Cardiopteridaceae,2,98.6453,118.10063,55.96672,82.75845,14.75179,89.24991,50.73416,108.59416,Aquifoliales,Cardiopteridaceae,NA
Caricaceae,2,39.55677,105.8768,28.30146,71.80693,7.49376,52.38043,41.4718,100.58899,Brassicales,Caricaceae,NA
Carlemanniaceae,2,47.98672,95.70855,23.11129,62.23087,4.68608,45.57791,41.55066,86.38272,Lamiales,Carlemanniaceae,NA
Caryocaraceae,2,28.19632,134.9146,26.41549,96.30339,5.58644,50.33424,69.11526,114.87384,Malpighiales,Caryocaraceae,NA
Caryophyllaceae,12,83.1621,99.97381,83.39392,96.88701,68.07,96.89448,83.00873,106.59944,Caryophyllales,Caryophyllaceae,NA
Casuarinaceae,2,33.81944,89.31971,29.11217,91.06684,5.67652,61.61367,84.81912,98.80282,Fagales,Casuarinaceae,NA
Celastraceae,4,94.20072,117.49609,79.41487,101.57847,54.84975,99.45968,78.23738,119.64679,Celastrales,Celastraceae,NA
Centroplacaceae,2,117.21361,141.44209,77.74711,113.01146,44.9485,109.6197,103.21046,121.57414,Malpighiales,Centroplacaceae,NA
Cephalotaceae,1,NA,94.63016,NA,86.1344,NA,NA,80.70082,94.5267,Oxalidales,Cephalotaceae,NA
Ceratophyllaceae,2,11.15733,152.98005,20.28791,150.05916,3.6639,43.65989,148.89545,151.25349,Ceratophyllales,Ceratophyllaceae,NA
Cercidiphyllaceae,2,30.97689,118.39504,6.00316,86.81997,1.083,13.69808,56.59805,108.77614,Saxifragales,Cercidiphyllaceae,NA
Chloranthaceae,2,123,152.57005,128.94668,148.36061,123.00586,136.51604,146.35243,150.16732,Chloranthales,Chloranthaceae,NA
Chrysobalanaceae,2,48.69344,83.20599,54.38245,70.95698,48.50073,62.62777,59.29015,85.63904,Malpighiales,Chrysobalanaceae,NA
Circaeasteraceae,2,74.01375,128.45607,52.47953,108.34064,16.41492,81.80344,88.2788,129.20666,Ranunculales,Circaeasteraceae,NA
Cistaceae,2,50.18797,69.27207,31.32576,53.6528,12.58452,53.82466,33.60788,72.19244,Malvales,Cistaceae,NA
Cleomaceae,2,47.73526,53.75826,33.10743,47.04707,11.39639,47.04918,34.80514,58.15912,Brassicales,Cleomaceae,NA
Clethraceae,2,110.4667,124.36258,73.41798,100.80339,38.1023,99.78796,94.77339,107.73742,Ericales,Clethraceae,NA
Clusiaceae,2,42.58013,113.01159,53.06987,94.83973,41.33515,70.02183,86.30041,104.38205,Malpighiales,Clusiaceae,NA
Codonaceae,2,11.70024,84.90216,8.82821,67.8183,1.23334,19.63898,46.0778,94.15206,Boraginales,Codonaceae,NA
Colchicaceae,2,53.2375,95.37939,35.5063,65.77388,16.57796,58.63985,38.62436,89.46361,Liliales,Colchicaceae,NA
Coldeniaceae,1,NA,68.84978,NA,38.92196,NA,NA,17.66625,55.80948,Boraginales,Coldeniaceae,NA
Columelliaceae,2,82.61497,129.54974,47.80684,95.33548,23.97111,80.94803,80.74205,109.32736,Bruniales,Columelliaceae,NA
Combretaceae,2,54.06174,118.39263,33.9529,112.39902,8.5117,66.58761,97.61266,124.58027,Myrtales,Combretaceae,NA
Commelinaceae,3,80.35979,111.42315,62.3435,89.80111,36.60188,83.48019,71.68709,104.82656,Commelinales,Commelinaceae,NA
Connaraceae,2,37.80269,75.33135,32.05137,62.51162,10.76704,59.25744,36.22155,84.82995,Oxalidales,Connaraceae,NA
Convolvulaceae,6,88.42164,122.24563,68.8805,90.42569,54.10784,85.44898,72.85626,108.21536,Solanales,Convolvulaceae,NA
Cordiaceae,2,58.79209,70.42681,32.92258,43.91475,23.0301,46.47036,27.32545,57.89041,Boraginales,Cordiaceae,NA
Coriariaceae,2,21.19669,114.24443,14.21901,58.77856,2.54649,29.17162,30.76223,84.88782,Cucurbitales,Coriariaceae,NA
Cornaceae,2,104.15963,131.08038,75.5659,99.06498,56.00455,99.92376,81.40967,121.68897,Cornales,Cornaceae,NA
Corsiaceae,2,126.6239,134.40236,66.19071,87.7747,44.37559,92.10335,64.36888,115.60655,Liliales,Corsiaceae,NA
Corynocarpaceae,2,17.79119,114.24443,22.479,58.77856,15.97023,36.00231,30.76223,84.88782,Cucurbitales,Corynocarpaceae,NA
Costaceae,2,31.80067,81.45183,30.64603,72.97475,12.52082,52.67903,66.00328,84.26994,Zingiberales,Costaceae,NA
Coulaceae,2,29.49346,146.00534,22.6968,117.18288,5.2852,51.16116,107.75262,127.04058,Santalales,Coulaceae,NA
Crassulaceae,3,66.1826,126.29914,60.6369,103.03546,37.65638,88.89016,90.91381,115.4545,Saxifragales,Crassulaceae,NA
Crossosomataceae,2,44.10097,85.12193,27.6534,53.45222,10.07716,47.93751,30.04828,75.67868,Crossosomatales,Crossosomataceae,NA
Crypteroniaceae,2,29.24033,51.24706,27.47407,56.82225,4.3064,48.67056,36.04339,78.64147,Myrtales,Crypteroniaceae,NA
Ctenolophonaceae,2,9.30617,132.14774,9.69124,91.62472,1.40966,21.94076,74.3267,105.97875,Malpighiales,Ctenolophonaceae,NA
Cucurbitaceae,5,60.92017,133.79532,44.2537,84.45507,24.66065,62.65981,62.79012,101.63503,Cucurbitales,Cucurbitaceae,NA
Cunoniaceae,2,74.89111,94.63016,74.18589,86.1344,63.4919,85.26646,80.70082,94.5267,Oxalidales,Cunoniaceae,NA
Cupressaceae,1,NA,201.844,NA,83.19903,NA,NA,51.91453,126.85649,Pinales,Cupressaceae,NA
Curtisiaceae,1,NA,94.32897,NA,64.30629,NA,NA,31.2016,93.33592,Cornales,Curtisiaceae,NA
Cycadaceae,1,NA,299.78607,NA,159.90948,NA,NA,99.99888,213.20356,Cycadales,Cycadaceae,NA
Cyclanthaceae,2,101.47049,114.23928,60.7617,74.59207,47.00066,80.87135,55.09818,94.57162,Pandanales,Cyclanthaceae,NA
Cymodoceaceae,2,56.4917,62.96594,48.10995,62.38351,30.29954,64.04942,47.72422,75.76658,Alismatales,Cymodoceaceae,NA
Cynomoriaceae,2,11.32895,134.70992,25.46448,101.0022,5.12253,48.00298,83.70133,120.04753,Saxifragales,Cynomoriaceae,NA
Cyperaceae,4,62.0471,85.98717,61.59291,81.29793,47.08957,77.88713,68.53708,95.92321,Poales,Cyperaceae,NA
Cyrillaceae,2,31.35352,120.62281,23.60889,96.92382,2.31241,54.10219,90.27957,103.55207,Ericales,Cyrillaceae,NA
Cytinaceae,2,104.87594,113.55596,53.10862,67.5666,31.69381,75.45694,46.87814,87.57358,Malvales,Cytinaceae,NA
Daphniphyllaceae,2,94.76238,118.39504,22.17415,86.81997,0.00156,68.03266,56.59805,108.77614,Saxifragales,Daphniphyllaceae,NA
Dasypogonaceae,2,37.14697,136.5572,34.33976,118.31816,10.87987,61.4398,105.24334,129.41302,Arecales,Dasypogonaceae,NA
Datiscaceae,2,41.37614,120.10412,19.92419,69.58491,5.03107,37.73142,49.58554,92.81378,Cucurbitales,Datiscaceae,NA
Degeneriaceae,2,13.41806,111.92035,5.15391,85.62719,0.51554,12.36274,39.84631,116.32505,Magnoliales,Degeneriaceae,NA
Diapensiaceae,2,102.39242,116.64616,45.6425,69.60326,23.05455,65.8114,49.14405,90.61544,Ericales,Diapensiaceae,NA
Dichapetalaceae,2,23.48433,88.52653,25.45967,69.85536,8.44671,46.80587,48.92342,90.36545,Malpighiales,Dichapetalaceae,NA
Didiereaceae,2,59.97384,66.47019,30.13678,40.16293,12.75254,48.23913,22.51541,55.57046,Caryophyllales,Didiereaceae,NA
Dilleniaceae,4,51.33381,150.80508,67.24837,142.46111,47.86187,88.47809,140.33285,144.28935,Dilleniales,Dilleniaceae,NA
Dioncophyllaceae,2,13.71696,60.4905,11.93732,39.41441,2.54184,24.05898,18.78985,60.12455,Caryophyllales,Dioncophyllaceae,NA
Dioscoreaceae,3,NA,NA,NA,NA,NA,NA,NA,NA,Dioscoreales,Dioscoreaceae,NA
Dipentodontaceae,2,88.81427,99.52449,53.65241,70.3153,20.7873,85.14429,49.72218,99.89711,Huerteales,Dipentodontaceae,NA
Dipterocarpaceae,2,57.05719,77.18692,60.80653,71.31701,56.00019,69.62563,60.89419,85.21442,Malvales,Dipterocarpaceae,NA
Dirachmaceae,1,NA,108.31193,NA,88.79145,NA,NA,65.14901,107.74344,Rosales,Dirachmaceae,NA
Doryanthaceae,2,19.56515,122.38773,7.7927,99.58002,1.98358,16.99434,85.40547,113.28611,Asparagales,Doryanthaceae,NA
Droseraceae,2,55.30292,113.93762,59.42075,101.4597,28.99077,101.55071,76.57834,120.93007,Caryophyllales,Droseraceae,NA
Drosophyllaceae,1,NA,85.39179,NA,64.7583,NA,NA,43.02516,87.11656,Caryophyllales,Drosophyllaceae,NA
Ebenaceae,3,72.38007,135.95484,55.12659,110.02382,33.91471,82.11723,95.39692,120.57393,Ericales,Ebenaceae,NA
Ecdeiocoleaceae,1,NA,94.52107,NA,88.80622,NA,NA,82.60187,95.85851,Poales,Ecdeiocoleaceae,NA
Ehretiaceae,2,63.60544,83.03978,52.46986,59.8446,47.80062,61.42196,50.01482,70.37037,Boraginales,Ehretiaceae,NA
Elaeagnaceae,2,33.19668,108.31193,31.58572,88.79145,9.4433,53.93714,65.14901,107.74344,Rosales,Elaeagnaceae,NA
Elaeocarpaceae,2,75.64909,95.6255,71.61221,85.43283,61.60083,84.28742,72.15089,100.80491,Oxalidales,Elaeocarpaceae,NA
Elatinaceae,2,75.83432,120.3226,45.75145,86.99425,17.13818,69.56038,65.0047,107.02253,Malpighiales,Elatinaceae,NA
Emblingiaceae,1,NA,118.32936,NA,94.66449,NA,NA,82.90754,105.35861,Brassicales,Emblingiaceae,NA
Ericaceae,17,116.56844,120.62281,93.49782,96.92382,86.71692,100.85986,90.27957,103.55207,Ericales,Ericaceae,NA
Eriocaulaceae,2,61.43711,128.86569,64.82821,111.20963,42.47762,90.07905,105.77764,116.68125,Poales,Eriocaulaceae,NA
Erythropalaceae,2,130.69145,147.95036,93.643,129.33955,45.94734,131.50767,121.33608,136.7214,Santalales,Erythropalaceae,NA
Erythroxylaceae,2,65.32959,109.55962,47.9458,82.47376,25.44314,74.93839,64.68221,102.79712,Malpighiales,Erythroxylaceae,NA
Escalloniaceae,2,124.07821,135.95908,83.26349,106.08682,50.53499,104.14349,95.43054,115.86271,Escalloniales,Escalloniaceae,NA
Eucommiaceae,1,NA,107.29562,NA,74.51969,NA,NA,47.80875,103.26079,Garryales,Eucommiaceae,NA
Euphorbiaceae,13,98.13228,112.29772,63.58991,75.02134,52.52663,75.84257,60.7869,88.36899,Malpighiales,Euphorbiaceae,NA
Euphroniaceae,1,NA,83.20599,NA,70.95698,NA,NA,59.29015,85.63904,Malpighiales,Euphroniaceae,NA
Eupomatiaceae,2,30.61345,110.22368,20.0371,93.43258,1.62144,45.75194,74.44469,114.36978,Magnoliales,Eupomatiaceae,NA
Eupteleaceae,2,18.57815,142.19975,8.38288,132.14821,1.06974,18.74399,118.89747,143.61586,Ranunculales,Eupteleaceae,NA
Fabaceae,12,100.18851,115.15085,90.32526,101.1385,79.41219,100.41278,90.2774,113.44372,Fabales,Fabaceae,NA
Fagaceae,2,85.76523,113.10317,65.05206,105.50194,37.90072,95.70341,96.02946,113.03761,Fagales,Fagaceae,NA
Flagellariaceae,2,47.69312,117.0611,38.75565,99.82062,9.03813,71.78061,93.70121,105.49913,Poales,Flagellariaceae,NA
Fouquieriaceae,2,23.26475,127.18951,9.17863,99.88811,1.47714,22.07224,71.12514,118.10279,Ericales,Fouquieriaceae,NA
Francoaceae,2,117.98817,140.72287,74.14278,114.03406,41.26532,111.54855,93.27528,131.15379,Geraniales,Francoaceae,NA
Frankeniaceae,2,9.62571,67.14027,16.96572,69.35896,4.1554,34.74528,42.53068,97.51116,Caryophyllales,Frankeniaceae,NA
Garryaceae,2,34.73996,107.29562,26.57133,74.51969,11.6311,57.74556,47.80875,103.26079,Garryales,Garryaceae,NA
Geissolomataceae,1,NA,104.13733,NA,52.46562,NA,NA,17.23047,80.86818,Crossosomatales,Geissolomataceae,NA
Gelsemiaceae,2,70.22248,111.57096,45.4869,87.13512,18.65286,74.95082,73.0639,99.89047,Gentianales,Gelsemiaceae,NA
Gentianaceae,7,89.00418,111.61215,67.31315,87.11368,49.11835,84.22891,71.86999,100.45725,Gentianales,Gentianaceae,NA
Geraniaceae,2,83.27253,140.72287,69.79999,114.03406,20.44997,103.59571,93.27528,131.15379,Geraniales,Geraniaceae,NA
Gerrardinaceae,1,NA,116.17067,NA,72.29922,NA,NA,38.31973,103.37666,Huerteales,Gerrardinaceae,NA
Gesneriaceae,5,104.18265,114.74605,65.23989,76.788,51.37362,80.47948,61.89187,88.89162,Lamiales,Gesneriaceae,NA
Ginkgoaceae,1,NA,271.92795,NA,129.6797,NA,NA,83.73314,179.07206,Ginkgoales,Ginkgoaceae,NA
Gisekiaceae,2,1.97559,83.56031,6.05661,80.5675,0.49123,15.96503,75.43123,85.84129,Caryophyllales,Gisekiaceae,NA
Gnetaceae,1,NA,198.1353,NA,142.53413,NA,NA,94.60199,184.57118,Gnetales,Gnetaceae,NA
Gomortegaceae,1,NA,108.81891,NA,74.62193,NA,NA,43.9017,105.56446,Laurales,Gomortegaceae,NA
Goodeniaceae,2,75.61296,87.38745,62.64973,80.71362,38.80136,80.69589,73.76983,88.31579,Asterales,Goodeniaceae,NA
Goupiaceae,1,NA,131.28501,NA,86.21879,NA,NA,59.17184,103.67834,Malpighiales,Goupiaceae,NA
Griseliniaceae,2,68.6821,104.25185,33.45399,85.827,6.16424,75.14828,76.07818,97.57391,Apiales,Griseliniaceae,NA
Grossulariaceae,2,18.86924,123.41951,15.27823,75.44288,3.25959,32.25652,50.22277,101.13279,Saxifragales,Grossulariaceae,NA
Grubbiaceae,2,32.7322,94.32897,21.25586,64.30629,6.49656,41.84942,31.2016,93.33592,Cornales,Grubbiaceae,NA
Guamatelaceae,1,NA,86.34927,NA,56.38567,NA,NA,31.27481,77.65081,Crossosomatales,Guamatelaceae,NA
Gunneraceae,2,51.88617,133.67722,36.49171,103.02551,7.94653,63.98,65.22446,140.69372,Gunnerales,Gunneraceae,NA
Gyrostemonaceae,2,9.6388,74.35011,12.10186,44.84874,4.14149,22.81053,31.34731,58.99981,Brassicales,Gyrostemonaceae,NA
Haemodoraceae,2,91.69557,105.8132,55.33163,78.03661,27.28674,81.99834,49.29216,101.04891,Commelinales,Haemodoraceae,NA
Halophytaceae,1,NA,66.47019,NA,40.16293,NA,NA,22.51541,55.57046,Caryophyllales,Halophytaceae,NA
Haloragaceae,2,30.00162,72.20801,32.30733,75.29768,11.80601,59.39374,72.10002,81.26883,Saxifragales,Haloragaceae,NA
Hamamelidaceae,2,117.91603,129.96524,94.09246,100.86846,83.61999,108.59374,85.2018,116.7511,Saxifragales,Hamamelidaceae,NA
Hanguanaceae,2,35.97484,111.42315,32.91426,89.80111,11.99197,59.69767,71.68709,104.82656,Commelinales,Hanguanaceae,NA
Heliconiaceae,2,30.69648,89.68926,14.21744,80.83486,3.08698,34.63736,59.17398,99.69865,Zingiberales,Heliconiaceae,NA
Heliotropiaceae,2,58.42084,86.47474,34.97335,63.69153,12.90153,57.43686,52.95279,74.84648,Boraginales,Heliotropiaceae,NA
Helwingiaceae,2,12.12819,85.10816,9.65167,60.79841,1.58801,20.2499,33.46306,88.09346,Aquifoliales,Helwingiaceae,NA
Hernandiaceae,2,89.78396,117.85915,72.2057,104.13399,44.3041,103.68547,86.46369,118.40308,Laurales,Hernandiaceae,NA
Himantandraceae,1,NA,111.92035,NA,85.62719,NA,NA,39.84631,116.32505,Magnoliales,Himantandraceae,NA
Hoplestigmataceae,1,NA,68.84978,NA,38.92196,NA,NA,17.66625,55.80948,Boraginales,Hoplestigmataceae,NA
Huaceae,2,27.46202,143.78299,26.0759,122.2195,7.27294,52.3013,112.46732,130.66603,Oxalidales,Huaceae,NA
Humiriaceae,2,60.4365,136.42252,50.47424,98.55419,33.90194,89.20953,84.50033,111.76444,Malpighiales,Humiriaceae,NA
Hydatellaceae,2,31.31072,135.55622,45.32918,135.41628,25.83421,70.92039,124.38824,144.96117,Nymphaeales,Hydatellaceae,NA
Hydrangeaceae,2,92.80218,110.72466,62.84186,75.26194,56.00029,74.33275,59.84874,92.14109,Cornales,Hydrangeaceae,NA
Hydrocharitaceae,2,63.23182,94.30974,66.29485,91.10774,55.90756,83.31301,72.09322,108.50126,Alismatales,Hydrocharitaceae,NA
Hydroleaceae,2,8.84113,111.55066,12.66532,76.03623,2.64135,28.93688,46.47235,95.70682,Solanales,Hydroleaceae,NA
Hydrophyllaceae,2,63.08475,92.82937,34.72659,72.22075,7.81072,56.91067,56.58968,87.48226,Boraginales,Hydrophyllaceae,NA
Hydrostachyaceae,2,29.96643,120.12136,26.7762,86.21011,12.48553,43.24572,68.5729,108.19939,Cornales,Hydrostachyaceae,NA
Hypericaceae,2,64.42932,94.69966,39.56943,66.42017,21.46296,56.47301,43.91923,86.78324,Malpighiales,Hypericaceae,NA
Hypoxidaceae,2,27.02165,86.49004,21.70809,48.71121,7.0826,37.37388,26.71543,70.89409,Asparagales,Hypoxidaceae,NA
Icacinaceae,2,134.78405,142.25145,102.2708,116.586,69.4989,123.44486,99.49503,127.33491,Icacinales,Icacinaceae,NA
Iridaceae,11,87.90751,115.65879,74.9067,91.31635,59.05507,93.64881,78.33913,105.76939,Asparagales,Iridaceae,NA
Irvingiaceae,2,36.64888,134.36851,32.95695,94.10501,4.06515,60.60438,73.4281,114.60732,Malpighiales,Irvingiaceae,NA
Iteaceae,2,108.59379,132.16821,68.39639,90.08367,48.00027,89.28664,69.61626,111.08337,Saxifragales,Iteaceae,NA
Ixioliriaceae,2,10.1791,114.73333,14.32949,87.72348,2.9874,29.00909,64.32794,112.21972,Asparagales,Ixioliriaceae,NA
Ixonanthaceae,2,35.89361,134.9146,34.40013,96.30339,10.02368,65.96745,69.11526,114.87384,Malpighiales,Ixonanthaceae,NA
Joinvilleaceae,2,10.15762,97.89652,6.01357,92.64182,1.0077,13.61518,86.70793,100.44356,Poales,Joinvilleaceae,NA
Juglandaceae,2,64.4,94.29263,70.96096,88.50092,64.40052,81.35347,75.06829,99.85356,Fagales,Juglandaceae,NA
Juncaceae,2,61.09949,85.98717,52.95365,81.29793,30.30398,74.66548,68.53708,95.92321,Poales,Juncaceae,NA
Juncaginaceae,2,82.46757,90.9146,72.49624,95.84804,41.36743,97.95422,83.21602,107.99256,Alismatales,Juncaginaceae,NA
Kewaceae,2,6.65663,92.37376,11.52726,88.9634,1.26559,26.57743,82.68689,96.17758,Caryophyllales,Kewaceae,NA
Kirkiaceae,2,1.52008,99.5097,3.01532,92.86492,0.11165,8.66845,78.8005,107.19083,Sapindales,Kirkiaceae,NA
Koeberliniaceae,1,NA,97.54698,NA,63.44352,NA,NA,46.23516,79.21392,Brassicales,Koeberliniaceae,NA
Krameriaceae,1,NA,105.94573,NA,82.39004,NA,NA,51.05876,111.98893,Zygophyllales,Krameriaceae,NA
Lacistemataceae,2,19.1804,120.38695,15.51225,87.46668,3.34686,33.35421,73.44487,101.19673,Malpighiales,Lacistemataceae,NA
Lamiaceae,21,95.1499,114.51543,58.01499,67.6932,48.13211,65.62152,60.87055,74.6078,Lamiales,Lamiaceae,NA
Lanariaceae,1,NA,86.49004,NA,48.71121,NA,NA,26.71543,70.89409,Asparagales,Lanariaceae,NA
Lardizabalaceae,2,87.45825,128.45607,66.60884,108.34064,41.2004,97.42957,88.2788,129.20666,Ranunculales,Lardizabalaceae,NA
Lauraceae,11,114.96813,120.99095,79.32095,111.90204,52.42505,107.99479,107.70014,118.0698,Laurales,Lauraceae,NA
Lecythidaceae,2,93.57934,135.95484,60.94975,110.02382,26.46745,96.8481,95.39692,120.57393,Ericales,Lecythidaceae,NA
Lentibulariaceae,2,88.44875,114.90027,43.49565,65.87518,27.27604,58.14764,55.0794,76.22514,Lamiales,Lentibulariaceae,NA
Lepidobotryaceae,2,22.10202,117.49609,22.21225,101.57847,4.91749,47.35525,78.23738,119.64679,Celastrales,Lepidobotryaceae,NA
Liliaceae,2,79.30825,100.44263,54.11492,76.49776,30.64686,83.29834,54.04261,95.05513,Liliales,Liliaceae,NA
Limeaceae,2,39.84657,99.95275,33.99163,89.28113,9.05393,64.20565,77.16024,100.53702,Caryophyllales,Limeaceae,NA
Limnanthaceae,2,23.57543,114.49416,27.47093,88.8903,8.56767,51.66668,77.76092,99.83308,Brassicales,Limnanthaceae,NA
Linaceae,2,61.75677,131.77927,33.40027,90.94186,8.83043,63.71121,66.5778,110.1604,Malpighiales,Linaceae,NA
Linderniaceae,2,104.40169,118.27979,57.69679,76.75114,34.22959,76.97654,68.75623,85.70534,Lamiales,Linderniaceae,NA
Loasaceae,2,77.4631,110.72466,38.72046,75.26194,10.27631,59.42813,59.84874,92.14109,Cornales,Loasaceae,NA
Loganiaceae,2,93.7642,111.61215,61.72985,87.11368,35.50147,84.7759,71.86999,100.45725,Gentianales,Loganiaceae,NA
Lophiocarpaceae,2,69.62803,93.7407,56.12507,90.88374,23.36423,87.08197,84.07726,97.87537,Caryophyllales,Lophiocarpaceae,NA
Lophopyxidaceae,1,NA,104.62213,NA,64.94479,NA,NA,24.35538,95.24652,Malpighiales,Lophopyxidaceae,NA
Loranthaceae,2,48.60808,138.12817,41.34965,96.11284,18.00497,71.09942,82.21904,109.89822,Santalales,Loranthaceae,NA
Lowiaceae,2,7.89634,78.1338,9.73859,58.72246,1.30662,23.05748,30.92824,83.78923,Zingiberales,Lowiaceae,NA
Lythraceae,2,72.1,98.08006,79.59384,95.68986,72.1017,90.4533,82.64253,108.84827,Myrtales,Lythraceae,NA
Macarthuriaceae,2,3.8839,102.90384,5.25383,92.60386,0.28662,14.823,62.30603,112.07423,Caryophyllales,Macarthuriaceae,NA
Magnoliaceae,2,79.83829,120.6226,35.21111,111.79176,6.78192,67.77673,98.86544,123.0284,Magnoliales,Magnoliaceae,NA
Malpighiaceae,3,55.90861,120.3226,52.79214,86.99425,35.96897,72.6635,65.0047,107.02253,Malpighiales,Malpighiaceae,NA
Malvaceae,17,84.77011,128.24917,74.68613,92.21615,66.75218,83.27592,81.72259,104.34997,Malvales,Malvaceae,NA
Marantaceae,2,49.90064,76.85153,33.42453,62.0529,6.80252,54.78352,42.15137,85.59932,Zingiberales,Marantaceae,NA
Marcgraviaceae,2,47.5867,73.67075,32.16027,61.64354,10.72844,58.28955,35.4297,103.31441,Ericales,Marcgraviaceae,NA
Martyniaceae,2,46.39832,109.79197,22.49442,59.28331,2.8836,44.16463,46.86273,70.55237,Lamiales,Martyniaceae,NA
Maundiaceae,1,NA,83.72541,NA,86.86971,NA,NA,76.57884,99.58094,Alismatales,Maundiaceae,NA
Mayacaceae,2,14.4656,129.96,19.54626,113.80776,6.12943,39.43907,108.79299,118.93887,Poales,Mayacaceae,NA
Mazaceae,2,65.02708,113.44302,33.01423,65.45078,14.75436,53.56475,59.06804,72.59569,Lamiales,Mazaceae,NA
Melanthiaceae,2,106.9775,137.54629,57.47761,107.59938,27.50123,91.92083,90.67884,123.42944,Liliales,Melanthiaceae,NA
Melastomataceae,4,47.24737,88.26347,48.37773,86.19815,24.6544,73.83726,64.15697,108.4884,Myrtales,Melastomataceae,NA
Meliaceae,2,53.60278,89.81604,59.85154,91.3355,47.80298,75.92391,80.69386,102.65431,Sapindales,Meliaceae,NA
Menispermaceae,3,79.23681,128.06967,83.0064,112.64366,69.09876,102.36359,98.52625,124.78216,Ranunculales,Menispermaceae,NA
Menyanthaceae,2,93.20552,112.15675,57.24829,88.04461,35.59453,79.38062,80.37253,96.66425,Asterales,Menyanthaceae,NA
Metteniusaceae,2,NA,NA,NA,NA,NA,NA,NA,NA,Metteniusales,Metteniusaceae,NA
Microteaceae,2,54.83815,102.90384,47.47818,92.60386,19.86586,76.22994,62.30603,112.07423,Caryophyllales,Microteaceae,NA
Misodendraceae,2,66.49342,128.52824,43.0858,84.69231,17.16028,69.14299,69.44388,99.16361,Santalales,Misodendraceae,NA
Mitrastemonaceae,2,5.02222,116.64616,17.86115,69.60326,3.81922,34.58902,49.14405,90.61544,Ericales,Mitrastemonaceae,NA
Molluginaceae,2,87.26055,95.49809,55.92712,78.09371,28.84322,80.14077,63.57694,93.40815,Caryophyllales,Molluginaceae,NA
Monimiaceae,2,96.75784,117.85915,76.10388,104.13399,52.23563,98.03923,86.46369,118.40308,Laurales,Monimiaceae,NA
Montiaceae,2,67.08461,77.66562,43.41748,58.52232,20.60354,63.07879,44.62756,77.08599,Caryophyllales,Montiaceae,NA
Montiniaceae,2,53.80587,128.11878,62.43182,95.43098,28.52682,95.33192,74.46517,112.40054,Solanales,Montiniaceae,NA
Moraceae,2,56.2192,86.13744,60.02659,83.10645,47.80347,73.62882,69.91994,95.07515,Rosales,Moraceae,NA
Moringaceae,2,34.53247,105.8768,20.1322,71.80693,1.80286,52.06112,41.4718,100.58899,Brassicales,Moringaceae,NA
Muntingiaceae,2,113.43918,113.55596,45.57708,67.5666,14.7305,75.16179,46.87814,87.57358,Malvales,Muntingiaceae,NA
Musaceae,2,56.21125,92.9525,45.21964,88.31971,12.69084,81.27274,76.62424,100.09427,Zingiberales,Musaceae,NA
Myodocarpaceae,2,42.29705,87.69177,29.39141,70.1042,7.05143,52.9241,66.00051,77.61329,Apiales,Myodocarpaceae,NA
Myricaceae,2,66.60344,94.29263,47.23594,88.50092,15.41223,80.51278,75.06829,99.85356,Fagales,Myricaceae,NA
Myristicaceae,2,16.47552,136.212,24.53617,127.55214,8.22965,45.17371,117.61067,137.63808,Magnoliales,Myristicaceae,NA
Myrothamnaceae,2,6.20292,133.67722,7.35235,103.02551,0.7709,17.56735,65.22446,140.69372,Gunnerales,Myrothamnaceae,NA
Myrtaceae,4,68.02123,106.70663,73.07082,96.74354,58.27367,88.59021,83.62505,111.6815,Myrtales,Myrtaceae,NA
Mystropetalaceae,2,128.06596,133.21038,71.93989,94.08184,46.87653,96.53136,83.25603,105.72166,Santalales,Mystropetalaceae,NA
Namaceae,2,73.4283,89.55574,46.06734,67.39878,16.02204,64.90517,54.89967,80.02761,Boraginales,Namaceae,NA
Nartheciaceae,2,53.85046,142.58365,49.11264,113.89855,16.07967,97.18344,99.99582,126.17385,Dioscoreales,Nartheciaceae,NA
Nelumbonaceae,2,14.45535,143.26184,9.94663,135.86296,2.63417,20.64681,122.11098,145.42465,Proteales,Nelumbonaceae,NA
Nepenthaceae,2,20.48587,108.35462,21.10504,90.09883,2.4508,44.51278,64.99083,113.98247,Caryophyllales,Nepenthaceae,NA
Neuradaceae,2,16.41732,134.41761,21.54919,108.74804,2.83365,50.53049,99.90185,116.66345,Malvales,Neuradaceae,NA
Nitrariaceae,2,34.71727,96.34372,31.35515,82.05481,8.59883,58.97392,57.40215,104.07686,Sapindales,Nitrariaceae,NA
Nothofagaceae,2,30.8191,131.5725,25.10494,114.25718,6.44467,52.40508,106.19624,121.64308,Fagales,Nothofagaceae,NA
Nyctaginaceae,2,58.9666,67.15347,40.22196,54.99338,23.1791,60.9768,37.33035,71.4321,Caryophyllales,Nyctaginaceae,NA
Nymphaeaceae,3,NA,NA,NA,NA,NA,NA,NA,NA,Nymphaeales,Nymphaeaceae,NA
Nyssaceae,2,109.51879,130.94782,53.34577,98.34513,10.77897,88.40386,75.8844,118.18904,Cornales,Nyssaceae,NA
Ochnaceae,3,77.5271,131.77927,47.38799,90.94186,29.67748,65.80806,66.5778,110.1604,Malpighiales,Ochnaceae,NA
Octoknemaceae,1,NA,147.05349,NA,122.34112,NA,NA,111.76727,132.43772,Santalales,Octoknemaceae,NA
Olacaceae,2,99.95067,144.55494,65.35459,113.79489,36.16918,99.65876,94.66787,130.27256,Santalales,Olacaceae,NA
Oleaceae,3,81.59925,95.70855,48.04634,62.23087,31.89129,67.60087,41.55066,86.38272,Lamiales,Oleaceae,NA
Onagraceae,2,81.98073,98.08006,73.11096,95.68986,45.92926,96.05277,82.64253,108.84827,Myrtales,Onagraceae,NA
Oncothecaceae,2,6.41261,140.69076,3.70019,109.3075,0.55495,9.164,80.00351,127.5563,Icacinales,Oncothecaceae,NA
Opiliaceae,2,48.4255,135.25737,43.36475,96.20559,14.42551,79.69702,77.25979,113.83986,Santalales,Opiliaceae,NA
Orchidaceae,10,95.8075,142.97883,107.0849,127.55155,90.86309,120.71852,119.47649,134.09217,Asparagales,Orchidaceae,NA
Orobanchaceae,15,107.49867,110.79752,56.95578,60.95292,50.9244,63.00485,54.78348,67.76451,Lamiales,Orobanchaceae,NA
Oxalidaceae,2,64.9544,75.33135,40.94716,62.51162,17.54542,66.85517,36.22155,84.82995,Oxalidales,Oxalidaceae,NA
Paeoniaceae,2,10.13578,140.88159,14.26099,117.55803,3.65281,29.45774,104.93603,132.18381,Saxifragales,Paeoniaceae,NA
Pandaceae,2,79.97173,134.36851,48.16427,94.10501,20.28571,83.52601,73.4281,114.60732,Malpighiales,Pandaceae,NA
Pandanaceae,2,67.88041,118.53037,64.93438,83.94748,56.00237,77.82994,68.38285,101.31537,Pandanales,Pandanaceae,NA
Papaveraceae,2,110.57791,143.27529,77.36729,135.536,39.78967,109.28276,123.16706,145.91167,Ranunculales,Papaveraceae,NA
Paracryphiaceae,2,110.30833,137.2542,51.79979,108.97435,12.97335,98.79365,98.53669,118.32471,Paracryphiales,Paracryphiaceae,NA
Passifloraceae,3,86.79367,136.6994,66.33186,97.15792,44.50875,91.73506,85.43545,107.49997,Malpighiales,Passifloraceae,NA
Paulowniaceae,1,NA,110.79752,NA,60.95292,NA,NA,54.78348,67.76451,Lamiales,Paulowniaceae,NA
Pedaliaceae,2,63.12107,114.90027,24.60513,65.87518,4.76577,50.50132,55.0794,76.22514,Lamiales,Pedaliaceae,NA
Peltantheraceae,1,NA,111.26928,NA,69.75873,NA,NA,48.50729,87.05173,Lamiales,Peltantheraceae,NA
Penaeaceae,2,31.84363,39.70095,30.79354,41.18427,10.49619,53.01366,19.58911,64.5788,Myrtales,Penaeaceae,NA
Pennantiaceae,2,18.99193,125.26471,9.62969,95.45168,1.73433,20.65725,83.91782,106.90018,Apiales,Pennantiaceae,NA
Pentadiplandraceae,1,NA,82.95986,NA,56.48033,NA,NA,40.56853,70.21863,Brassicales,Pentadiplandraceae,NA
Pentaphragmataceae,1,NA,124.0341,NA,99.36777,NA,NA,88.69372,108.90008,Asterales,Pentaphragmataceae,NA
Pentaphylacaceae,2,104.5011,129.2622,59.20051,94.58471,21.87571,93.32849,68.58884,114.15172,Ericales,Pentaphylacaceae,NA
Penthoraceae,2,5.38502,72.20801,4.79738,75.29768,0.5985,11.05751,72.10002,81.26883,Saxifragales,Penthoraceae,NA
Peraceae,2,100.76796,112.29772,52.62359,75.02134,26.84459,76.08198,60.7869,88.36899,Malpighiales,Peraceae,NA
Peridiscaceae,2,75.7665,144.12287,56.7028,127.88387,16.14125,99.75401,116.57498,137.48086,Saxifragales,Peridiscaceae,NA
Petenaeaceae,1,NA,116.17067,NA,72.29922,NA,NA,38.31973,103.37666,Huerteales,Petenaeaceae,NA
Petermanniaceae,1,NA,130.20426,NA,94.75974,NA,NA,75.97629,112.63458,Liliales,Petermanniaceae,NA
Petiveriaceae,2,52.00385,71.47691,36.23318,65.13782,14.17156,59.69382,48.39924,77.54704,Caryophyllales,Petiveriaceae,NA
Petrosaviaceae,2,126.05813,147.50028,68.10174,139.48578,21.09205,121.69407,135.49591,142.93943,Petrosaviales,Petrosaviaceae,NA
Phellinaceae,2,23.01277,110.94574,12.07757,68.22223,2.31158,29.30242,35.93784,97.81607,Asterales,Phellinaceae,NA
Philesiaceae,2,21.64634,60.04674,16.27743,59.1031,2.7288,33.56576,51.00055,74.16475,Liliales,Philesiaceae,NA
Philydraceae,2,47.7835,116.29415,40.99617,94.53543,17.51477,61.48707,79.14914,111.66005,Commelinales,Philydraceae,NA
Phrymaceae,2,89.50262,112.0566,42.43266,63.15671,19.70676,59.81382,57.42587,70.34035,Lamiales,Phrymaceae,NA
Phyllanthaceae,4,111.29326,121.15731,72.76344,86.95233,46.84332,94.99295,70.22125,107.93551,Malpighiales,Phyllanthaceae,NA
Phyllonomaceae,2,4.34519,85.10816,10.30745,60.79841,0.11731,26.15373,33.46306,88.09346,Aquifoliales,Phyllonomaceae,NA
Physenaceae,1,NA,72.96352,NA,56.11984,NA,NA,23.40842,99.54465,Caryophyllales,Physenaceae,NA
Phytolaccaceae,2,72.1,74.85119,74.20573,76.03231,72.10011,77.93814,72.47174,80.41041,Caryophyllales,Phytolaccaceae,NA
Picramniaceae,2,39.96592,147.37968,39.19087,128.01992,11.92332,74.7186,123.50138,132.71934,Pricramniales,Picramniaceae,NA
Picrodendraceae,2,55.22126,121.15731,38.45599,86.95233,16.47478,60.92476,70.22125,107.93551,Malpighiales,Picrodendraceae,NA
Pinaceae,1,NA,201.844,NA,83.19903,NA,NA,51.91453,126.85649,Pinales,Pinaceae,NA
Piperaceae,5,68.46741,90.1428,68.42898,95.35387,45.29867,99.29356,71.29265,121.49696,Piperales,Piperaceae,NA
Pittosporaceae,2,34.23845,94.06862,29.41393,77.16531,12.20135,49.81814,69.90767,87.93882,Apiales,Pittosporaceae,NA
Plantaginaceae,5,117.17016,119.55047,76.47647,82.00456,65.05165,89.22227,73.18526,92.12288,Lamiales,Plantaginaceae,NA
Platanaceae,2,57.45324,120.2676,72.46169,121.70185,56.0011,97.85841,107.79293,141.12842,Proteales,Platanaceae,NA
Plocospermataceae,1,NA,132.18454,NA,104.80152,NA,NA,94.84747,114.96643,Lamiales,Plocospermataceae,NA
Plumbaginaceae,2,59.13538,85.92194,51.65292,82.10491,30.54749,73.29256,66.36112,99.63563,Caryophyllales,Plumbaginaceae,NA
Poaceae,26,81.26335,94.52107,81.408,88.80622,75.42579,87.84123,82.60187,95.85851,Poales,Poaceae,NA
Podostemaceae,2,53.01189,94.69966,46.46831,66.42017,30.47014,62.61086,43.91923,86.78324,Malpighiales,Podostemaceae,NA
Polemoniaceae,2,48.5,127.18951,58.57127,99.88811,48.50237,74.86947,71.12514,118.10279,Ericales,Polemoniaceae,NA
Polygalaceae,2,56.55217,117.41933,70.78377,105.97187,56.00082,88.15324,93.92679,118.75424,Fabales,Polygalaceae,NA
Polygonaceae,4,57.07612,85.92194,49.92597,82.10491,26.2233,74.91678,66.36112,99.63563,Caryophyllales,Polygonaceae,NA
Pontederiaceae,2,33.49124,105.8132,35.94665,78.03661,13.64708,66.0489,49.29216,101.04891,Commelinales,Pontederiaceae,NA
Portulacaceae,2,30.69036,66.50744,18.21809,39.9745,6.465,29.4002,28.9517,52.90463,Caryophyllales,Portulacaceae,NA
Posidoniaceae,2,24.77047,66,23.25805,70.89908,4.61963,49.57321,66.00017,79.30102,Alismatales,Posidoniaceae,NA
Potamogetonaceae,2,23.01144,63.87356,28.4077,65.14505,11.28076,51.3589,51.75945,78.38926,Alismatales,Potamogetonaceae,NA
Primulaceae,8,92.188,139.85071,75.4351,120.22832,55.43808,99.68071,114.72322,125.75382,Ericales,Primulaceae,NA
Proteaceae,5,72.1,120.2676,81.69022,121.70185,72.10016,98.998,107.79293,141.12842,Proteales,Proteaceae,NA
Putranjivaceae,2,13.27373,104.62213,12.79672,64.94479,1.48146,27.10298,24.35538,95.24652,Malpighiales,Putranjivaceae,NA
Quillajaceae,1,NA,119.66706,NA,110.17848,NA,NA,97.70311,121.81707,Fabales,Quillajaceae,NA
Rafflesiaceae,2,46.56625,135.12025,45.31758,89.97758,33.1595,60.67513,73.87191,104.81982,Malpighiales,Rafflesiaceae,NA
Ranunculaceae,8,97.37874,117.67279,84.28602,101.20967,70.9337,97.68633,87.27549,117.74076,Ranunculales,Ranunculaceae,NA
Rapateaceae,2,71.89646,132.55162,55.23283,119.42731,20.60477,91.7426,114.54351,124.05487,Poales,Rapateaceae,NA
Resedaceae,2,67.91083,74.35011,33.86324,44.84874,21.50291,48.00862,31.34731,58.99981,Brassicales,Resedaceae,NA
Restionaceae,2,107.3933,121.01102,80.56382,103.52014,54.76533,98.49246,97.11437,109.27703,Poales,Restionaceae,NA
Rhabdodendraceae,2,13.10243,127.6012,16.94851,124.40786,2.76969,41.38741,118.0196,132.88336,Caryophyllales,Rhabdodendraceae,NA
Rhamnaceae,2,88.56412,109.5577,62.64901,90.95845,37.82839,85.52228,73.32644,105.90587,Rosales,Rhamnaceae,NA
Rhizophoraceae,3,84.89322,109.55962,63.83432,82.47376,44.57241,81.75607,64.68221,102.79712,Malpighiales,Rhizophoraceae,NA
Ripogonaceae,2,28.09012,60.04674,13.78941,59.1031,2.42542,33.45769,51.00055,74.16475,Liliales,Ripogonaceae,NA
Roridulaceae,2,33.9,118.67836,42.52162,95.93103,33.9004,57.25408,89.13446,103.39535,Ericales,Roridulaceae,NA
Rosaceae,7,99.76346,132.64269,84.53898,116.92514,62.80774,107.24194,106.2121,124.04978,Rosales,Rosaceae,NA
Rousseaceae,2,107.66213,124.14755,75.6245,98.43582,43.7099,99.6139,87.40109,110.51616,Asterales,Rousseaceae,NA
Rubiaceae,8,101.74313,120.93372,80.37668,100.89555,66.9991,94.36022,89.65846,109.14636,Gentianales,Rubiaceae,NA
Ruppiaceae,2,5.93549,62.96594,13.82538,62.38351,2.37941,26.06683,47.72422,75.76658,Alismatales,Ruppiaceae,NA
Rutaceae,6,78.5955,87.60857,78.44523,87.04024,70.49518,88.07043,75.95917,97.69942,Sapindales,Rutaceae,NA
Sabiaceae,2,110.79459,151.93393,108.15068,146.63872,89.81297,131.22672,144.99413,148.31982,Proteales,Sabiaceae,NA
Salicaceae,5,101.4627,120.38695,78.33132,87.46668,64.59667,91.13325,73.44487,101.19673,Malpighiales,Salicaceae,NA
Salvadoraceae,2,NA,NA,NA,NA,NA,NA,NA,NA,Brassicales,Salvadoraceae,NA
Santalaceae,2,119.47173,135.25737,73.3395,96.20559,43.08273,96.54407,77.25979,113.83986,Santalales,Santalaceae,NA
Sapindaceae,2,67.63173,106.44946,70.17994,102.40606,56.00252,88.28711,92.59215,112.46571,Sapindales,Sapindaceae,NA
Sapotaceae,2,84.10549,137.88581,71.77333,112.2368,56.00304,92.61849,106.5178,118.62205,Ericales,Sapotaceae,NA
Sarcobataceae,1,NA,67.15347,NA,54.99338,NA,NA,37.33035,71.4321,Caryophyllales,Sarcobataceae,NA
Sarcolaenaceae,2,28.01731,69.27207,20.25968,53.6528,1.70604,43.38802,33.60788,72.19244,Malvales,Sarcolaenaceae,NA
Sarraceniaceae,2,70.6642,125.44517,51.95378,101.18156,21.05761,84.2398,94.68526,108.33635,Ericales,Sarraceniaceae,NA
Saururaceae,2,62.90542,90.1428,63.09641,95.35387,44.30436,91.02992,71.29265,121.49696,Piperales,Saururaceae,NA
Saxifragaceae,2,90.91328,123.41951,46.64322,75.44288,19.3543,70.94477,50.22277,101.13279,Saxifragales,Saxifragaceae,NA
Scheuchzeriaceae,1,NA,102.08377,NA,105.51355,NA,NA,93.49318,119.06096,Alismatales,Scheuchzeriaceae,NA
Schisandraceae,2,66.00985,110.8,47.43882,118.90433,14.45289,86.77969,110.80026,130.35699,Austrobaileyales,Schisandraceae,NA
Schlegeliaceae,2,55.75412,107.31648,17.01865,54.18423,2.52887,38.47281,42.46595,66.66104,Lamiales,Schlegeliaceae,NA
Schoepfiaceae,2,96.11005,128.52824,60.5449,84.69231,48.00056,76.82997,69.44388,99.16361,Santalales,Schoepfiaceae,NA
Scrophulariaceae,7,108.92121,118.52807,61.28111,78.07919,40.47346,80.78529,69.90157,87.49796,Lamiales,Scrophulariaceae,NA
Setchellanthaceae,1,NA,113.05658,NA,85.75086,NA,NA,74.59876,97.37025,Brassicales,Setchellanthaceae,NA
Simaroubaceae,2,67.12058,87.60857,61.07531,87.04024,41.20367,80.48895,75.95917,97.69942,Sapindales,Simaroubaceae,NA
Simmondsiaceae,1,NA,125.08853,NA,120.80001,NA,NA,112.51849,128.87096,Caryophyllales,Simmondsiaceae,NA
Siparunaceae,2,44.00181,117.61725,41.10451,92.29162,13.68079,73.14513,59.59789,115.76073,Laurales,Siparunaceae,NA
Sladeniaceae,2,122.85263,129.2622,79.63865,94.58471,49.41212,108.64342,68.58884,114.15172,Ericales,Sladeniaceae,NA
Smilacaceae,2,15.57379,103.42535,15.8064,81.93154,4.04491,32.08219,58.06073,100.9909,Liliales,Smilacaceae,NA
Solanaceae,17,70.29821,122.24563,60.46478,90.42569,52.22091,75.37783,72.85626,108.21536,Solanales,Solanaceae,NA
Sphaerosepalaceae,2,34.63613,112.81038,19.87591,74.95791,3.05109,43.37937,50.08754,96.60378,Malvales,Sphaerosepalaceae,NA
Sphenocleaceae,1,NA,111.55066,NA,76.03623,NA,NA,46.47235,95.70682,Solanales,Sphenocleaceae,NA
Stachyuraceae,2,17.53789,85.12193,5.29279,53.45222,1.02685,12.3126,30.04828,75.67868,Crossosomatales,Stachyuraceae,NA
Staphyleaceae,2,56,96.09884,60.59079,76.80511,56.00193,68.41373,65.18148,89.92239,Crossosomatales,Staphyleaceae,NA
Stegnospermataceae,2,3.80267,104.32123,2.83987,101.06323,0.30826,7.18481,93.21021,108.45038,Caryophyllales,Stegnospermataceae,NA
Stemonaceae,2,93.33789,128.528,45.40772,98.9216,13.16119,86.00827,83.91556,115.76299,Pandanales,Stemonaceae,NA
Stemonuraceae,2,38.6631,118.10063,24.98685,82.75845,6.01007,50.10333,50.73416,108.59416,Aquifoliales,Stemonuraceae,NA
Stilbaceae,2,93.41919,116.03209,44.7901,70.3836,14.62593,71.84374,58.56304,81.52888,Lamiales,Stilbaceae,NA
Strasburgeriaceae,2,55.82097,104.13733,24.07428,52.46562,6.35817,45.72034,17.23047,80.86818,Crossosomatales,Strasburgeriaceae,NA
Strelitziaceae,2,43.77653,78.1338,21.35539,58.72246,4.86073,39.80116,30.92824,83.78923,Zingiberales,Strelitziaceae,NA
Strombosiaceae,2,66.88759,148.21359,43.523,132.4053,7.3322,95.95429,125.32021,139.27012,Santalales,Strombosiaceae,NA
Stylidiaceae,2,112.77784,120.06204,69.9977,88.42473,45.5859,93.57016,69.33069,103.13516,Asterales,Stylidiaceae,NA
Styracaceae,2,110.30947,129.78868,67.29611,87.09378,48.51043,87.35122,69.99575,103.30163,Ericales,Styracaceae,NA
Surianaceae,2,56.91451,115.15085,64.70792,101.1385,48.51362,84.31491,90.2774,113.44372,Fabales,Surianaceae,NA
Symplocaceae,2,47.87234,134.58185,59.3506,99.0582,47.80166,80.67174,86.66486,109.62499,Ericales,Symplocaceae,NA
Taccaceae,2,42.62178,119.95082,22.6667,64.58458,6.6877,41.03404,43.08793,85.19916,Dioscoreales,Taccaceae,NA
Talinaceae,2,47.52914,69.16312,26.30711,45.92234,9.06914,43.52726,33.3256,59.75592,Caryophyllales,Talinaceae,NA
Tamaricaceae,2,42.52441,67.14027,38.05889,69.35896,13.83617,64.42458,42.53068,97.51116,Caryophyllales,Tamaricaceae,NA
Tapisciaceae,2,85.44206,99.52449,56.8203,70.3153,41.20042,79.82675,49.72218,99.89711,Huerteales,Tapisciaceae,NA
Tecophilaeaceae,2,72.71265,114.73333,41.59919,87.72348,13.82455,80.28616,64.32794,112.21972,Asparagales,Tecophilaeaceae,NA
Tetracarpaeaceae,1,NA,101.71735,NA,90.65839,NA,NA,80.41402,101.17517,Saxifragales,Tetracarpaeaceae,NA
Tetrachondraceae,2,67.90149,126.43988,47.88069,93.13181,20.47741,71.98461,84.09864,103.21837,Lamiales,Tetrachondraceae,NA
Tetramelaceae,2,57.4735,113.27067,29.72042,61.36209,9.22353,55.10642,39.52288,85.36146,Cucurbitales,Tetramelaceae,NA
Tetrameristaceae,2,49.44242,70.46564,36.03993,53.94736,23.03926,59.88463,28.75916,89.8888,Ericales,Tetrameristaceae,NA
Theaceae,2,72.61338,136.21219,56.39381,104.18371,37.80003,90.79146,93.87038,114.11522,Ericales,Theaceae,NA
Thismiaceae,2,105.15896,119.95082,48.11035,64.58458,26.88643,68.68647,43.08793,85.19916,Dioscoreales,Thismiaceae,NA
Thomandersiaceae,2,34.28978,107.31648,14.97705,54.18423,2.96852,31.47329,42.46595,66.66104,Lamiales,Thomandersiaceae,NA
Thurniaceae,2,40.11097,108.18188,46.92529,100.84952,17.81781,74.87066,87.82999,112.03683,Poales,Thurniaceae,NA
Thymelaeaceae,2,73.01126,132.75142,48.33118,104.21969,25.59865,70.2582,94.66705,111.69696,Malvales,Thymelaeaceae,NA
Ticodendraceae,1,NA,83.6,NA,86.59932,NA,NA,83.6005,92.43832,Fagales,Ticodendraceae,NA
Tofieldiaceae,2,84.42021,146.97951,67.30337,140.08401,36.08524,103.00006,136.71885,143.26023,Alismatales,Tofieldiaceae,NA
Torricelliaceae,2,57.5992,101.72429,65.34398,82.99701,56.00718,75.84726,74.45099,94.90963,Apiales,Torricelliaceae,NA
Tovariaceae,1,NA,88.57711,NA,67.15781,NA,NA,54.30259,80.0308,Brassicales,Tovariaceae,NA
Trigoniaceae,2,51.56769,88.52653,36.02044,69.85536,19.52226,62.07441,48.92342,90.36545,Malpighiales,Trigoniaceae,NA
Trimeniaceae,1,NA,110.8,NA,118.90433,NA,NA,110.80026,130.35699,Austrobaileyales,Trimeniaceae,NA
Triuridaceae,2,71.6827,114.23928,40.44654,74.59207,21.36185,62.69121,55.09818,94.57162,Pandanales,Triuridaceae,NA
Trochodendraceae,2,31.02625,151.725,25.19928,145.25057,7.05055,55.95488,143.40401,146.89599,Trochodendrales,Trochodendraceae,NA
Tropaeolaceae,2,30.43716,101.53008,29.62479,82.01375,8.53223,53.72365,67.04234,97.73897,Brassicales,Tropaeolaceae,NA
Typhaceae,2,71.48936,131.97689,68.65956,106.11644,51.9254,89.71365,75.2596,123.76354,Poales,Typhaceae,NA
Ulmaceae,2,60.25509,106.93961,61.62461,99.3057,48.51219,78.22868,89.1038,111.32934,Rosales,Ulmaceae,NA
Urticaceae,8,62.47056,86.13744,63.02271,83.10645,48.69337,76.97074,69.91994,95.07515,Rosales,Urticaceae,NA
Vahliaceae,2,27.94096,139.88003,20.47669,118.59819,4.00717,47.24018,109.61689,125.55258,Vahliales,Vahliaceae,NA
Velloziaceae,2,81.64386,134.70285,58.91624,110.80467,18.28459,89.79635,94.04793,126.69495,Pandanales,Velloziaceae,NA
Verbenaceae,2,94.95845,105.65838,39.78063,52.22921,21.82267,59.15429,41.45664,64.01742,Lamiales,Verbenaceae,NA
Violaceae,2,100.71808,131.28501,55.68732,86.21879,27.34615,81.43113,59.17184,103.67834,Malpighiales,Violaceae,NA
Vitaceae,2,89.45391,150.33752,93.35157,138.98173,61.61699,121.3923,136.63285,141.19427,Vitales,Vitaceae,NA
Vochysiaceae,2,37.96251,106.70663,40.71603,96.74354,13.61537,71.73996,83.62505,111.6815,Myrtales,Vochysiaceae,NA
Wellstediaceae,2,32.42032,63.55528,26.58092,51.30391,9.3581,43.28887,32.76664,70.90858,Boraginales,Wellstediaceae,NA
Welwitschiaceae,1,NA,198.1353,NA,142.53413,NA,NA,94.60199,184.57118,Gnetales,Welwitschiaceae,NA
Winteraceae,2,37.60008,125.10227,32.31246,129.73143,7.80333,62.41518,125.00041,137.04598,Canellales,Winteraceae,NA
Xeronemataceae,1,NA,105.08244,NA,79.65202,NA,NA,65.34817,92.11868,Asparagales,Xeronemataceae,NA
Ximeniaceae,2,70.18062,146.47722,54.54667,120.49672,21.02087,90.72097,110.89367,129.4673,Santalales,Ximeniaceae,NA
Xyridaceae,2,101.95848,127.53824,71.62692,108.38804,47.66116,93.94602,102.75052,114.14148,Poales,Xyridaceae,NA
Zingiberaceae,3,41.05091,81.45183,41.90906,72.97475,23.35693,60.53543,66.00328,84.26994,Zingiberales,Zingiberaceae,NA
Zosteraceae,2,31.89696,63.87356,35.49091,65.14505,6.97492,54.36132,51.75945,78.38926,Alismatales,Zosteraceae,NA
Zygophyllaceae,2,93.21414,105.94573,59.62837,82.39004,26.91256,88.58757,51.05876,111.98893,Zygophyllales,Zygophyllaceae,NA
Acalyphoideae,2,83.58592,91.71243,45.12263,55.75719,27.86282,63.16225,46.2761,67.18839,Malpighiales,Euphorbiaceae,Acalyphoideae
Acanthoideae,2,84.07027,92.98356,41.19307,52.69802,28.75563,52.43143,43.04479,61.65593,Lamiales,Acanthaceae,Acanthoideae
Acridocarpoideae,1,NA,39.08261,NA,37.61411,NA,NA,27.82147,51.07466,Malpighiales,Malpighiaceae,Acridocarpoideae
Actinostemmateae,1,NA,48.69139,NA,24.46121,NA,NA,9.9033,41.87481,Cucurbitales,Cucurbitaceae,Actinostemmateae
Adenoclineae,2,52.35321,89.06869,30.59641,51.82528,15.31274,45.15537,43.10579,62.24742,Malpighiales,Euphorbiaceae,Adenoclineae
Aethionemeae,2,18.58832,35.25563,19.25454,36.31706,8.78159,30.39868,24.31932,46.18658,Brassicales,Brassicaceae,Aethionemeae
Afrobrunnichia,1,NA,48.12788,NA,31.73784,NA,NA,12.63931,54.9262,Caryophyllales,Polygonaceae,Afrobrunnichia
Agapanthoideae,1,NA,78.7192,NA,42.39364,NA,NA,24.00988,58.44832,Asparagales,Amaryllidaceae,Agapanthoideae
Agavoideae,2,71.76519,83.46767,35.98675,49.53466,17.3727,54.22007,36.30463,62.37199,Asparagales,Asparagaceae,Agavoideae
Agdestidoideae,1,NA,72.1,NA,74.20573,NA,NA,72.10011,77.93814,Caryophyllales,Phytolaccaceae,Agdestidoideae
Aizooideae,2,53.52826,74.98829,35.85345,59.99881,11.04907,57.84749,41.27755,76.77883,Caryophyllales,Aizoaceae,Aizooideae
Ajugoideae,2,63.11303,83.40192,26.93499,42.04665,12.91814,40.15679,30.70036,53.50512,Lamiales,Lamiaceae,Ajugoideae
Alismae,1,NA,41.3269,NA,48.74901,NA,NA,23.03737,70.88265,Alismatales,Alismataceae,Alismae
Allioideae,1,NA,78.7192,NA,42.39364,NA,NA,24.00988,58.44832,Asparagales,Amaryllidaceae,Allioideae
Allyseae,2,26.0006,26.59416,21.70256,24.4491,12.53052,30.82914,15.59738,34.12758,Brassicales,Brassicaceae,Allyseae
Alpinieae,1,NA,28.70709,NA,24.32679,NA,NA,12.02737,43.57918,Zingiberales,Zingiberaceae,Alpinieae
AlsineaeCaryophylleae,2,49.91505,55.68489,37.94199,49.41993,20.92526,53.39417,34.90958,63.926,Caryophyllales,Caryophyllaceae,AlsineaeCaryophylleae
Alstonieae,2,60.65812,79.16796,31.06798,53.9088,9.91604,51.52375,39.82994,72.16404,Gentianales,Apocynaceae,Alstonieae
Amaranthoideae,2,55.64782,69.08484,41.68397,60.94527,16.65849,61.27602,42.89083,75.67319,Caryophyllales,Amaranthaceae,Amaranthoideae
Amaryllidoideae,1,NA,82.19493,NA,50.83704,NA,NA,36.96651,66.63992,Asparagales,Amaryllidaceae,Amaryllidoideae
Ambavioideae,2,28.29811,69.99124,27.71601,54.75972,13.00767,42.81666,38.55822,73.27148,Magnoliales,Annonaceae,Ambavioideae
Amygdaloideae,3,78.32657,87.81332,52.97355,67.98068,34.274,71.34528,48.10267,87.08928,Rosales,Rosaceae,Amygdaloideae
Amyridoideae,2,62.97057,66,59.45474,69.55041,35.79103,76.0109,66.00016,76.65006,Sapindales,Rutaceae,Amyridoideae
Anaxagoreoideae,1,NA,79.65531,NA,67.05013,NA,NA,47.67345,83.60587,Magnoliales,Annonaceae,Anaxagoreoideae
Angelonieae,1,NA,109.63283,NA,61.59015,NA,NA,35.28691,81.26252,Lamiales,Plantaginaceae,Angelonieae
Annonoideae,2,60.42275,68.53511,37.55164,50.82444,19.51456,60.38435,34.7371,70.0113,Magnoliales,Annonaceae,Annonoideae
Anomochlooideae,2,70.22915,81.26335,57.8231,81.408,31.92854,81.64939,75.42579,87.84123,Poales,Poaceae,Anomochlooideae
Antidesmatoideae,2,79.58532,111.29326,38.27062,72.76344,10.32563,65.0425,46.84332,94.99295,Malpighiales,Phyllanthaceae,Antidesmatoideae
Antirrhineae,1,NA,106.65268,NA,64.32525,NA,NA,45.24425,80.03427,Lamiales,Plantaginaceae,Antirrhineae
Aphyllanthoideae,1,NA,83.46767,NA,49.53466,NA,NA,36.30463,62.37199,Asparagales,Asparagaceae,Aphyllanthoideae
Apioideae,2,44.87862,63.66236,28.53899,42.50301,16.02483,45.08683,30.03029,55.55589,Apiales,Apiaceae,Apioideae
Apostasioideae,2,59.97445,95.8075,59.83352,107.0849,28.65486,92.80447,90.86309,120.71852,Asparagales,Orchidaceae,Apostasioideae
APSA,2,72.73529,73.59743,42.39857,45.54356,28.40166,57.73429,31.23734,60.64955,Gentianales,Apocynaceae,APSA
Aptosimieae,1,NA,93.51087,NA,43.28611,NA,NA,23.04074,62.71536,Lamiales,Scrophulariaceae,Aptosimieae
Aralioideae,1,NA,71.13901,NA,52.53721,NA,NA,41.26217,65.95534,Apiales,Araliaceae,Aralioideae
Arbutoideae,2,37.85932,93.97623,28.59531,66.59104,9.53459,51.63709,49.54569,85.6392,Ericales,Ericaceae,Arbutoideae
Arecoideae,2,63.49,64.77622,66.53711,68.25126,63.49321,71.27757,63.74297,73.97926,Arecales,Arecaceae,Arecoideae
Aristeoideae,2,16.1517,53.23514,13.04802,39.04903,3.60662,23.56867,26.3041,54.42884,Asparagales,Iridaceae,Aristeoideae
Aristidoideae,2,32.07876,45.07701,27.85625,47.03782,11.7401,43.28164,35.95946,57.1328,Poales,Poaceae,Aristidoideae
Aristolochioideae,1,NA,121.92549,NA,87.12319,NA,NA,72.11927,106.60025,Piperales,Aristolochiaceae,Aristolochioideae
Aroideae,2,87.40628,114.11963,44.41998,68.95392,10.82344,76.65479,29.67691,111.01489,Alismatales,Araceae,Aroideae
Arundinoideae,2,41.89555,43.80879,36.88037,41.70939,21.04996,54.24919,28.45767,54.39111,Poales,Poaceae,Arundinoideae
Asaroideae,1,NA,136.24974,NA,117.20776,NA,NA,97.83647,133.02021,Piperales,Aristolochiaceae,Asaroideae
Asparagoideae,2,32.90893,77.48838,21.20326,43.16758,7.27793,34.1382,28.46512,58.78035,Asparagales,Asparagaceae,Asparagoideae
Asphodeloideae,1,NA,80.35779,NA,46.06529,NA,NA,28.16467,65.84294,Asparagales,Asphodelaceae,Asphodeloideae
Aspidospermateae,2,59.11672,93.19816,42.01144,69.05986,17.64176,68.07103,51.9346,84.71823,Gentianales,Apocynaceae,Aspidospermateae
Asteroideae,2,41.36733,45.14753,13.90479,17.97508,7.20857,21.12396,11.26205,27.0311,Asterales,Asteraceae,Asteroideae
Avicennioideae,2,37.92884,90.55655,20.29151,48.82836,5.89438,36.64372,38.40457,58.10283,Lamiales,Acanthaceae,Avicennioideae
Azorelloideae,2,64.88781,74.41086,40.59429,52.98664,26.25431,55.29412,39.44323,64.80449,Apiales,Apiaceae,Azorelloideae
Bambusoideae,2,45.18964,60.51287,28.97395,55.25677,6.10715,51.91618,38.80917,66.98617,Poales,Poaceae,Bambusoideae
Barnadesioideae,2,48.18245,71.41721,31.72372,58.88919,10.81211,51.18401,47.47364,71.07482,Asterales,Asteraceae,Barnadesioideae
Bellendenoideae,1,NA,65.47194,NA,61.99268,NA,NA,24.04629,85.51948,Proteales,Proteaceae,Bellendenoideae
Benthamielleae,2,3.4523,51.15392,6.61542,31.78293,0.33367,15.92037,19.34315,44.34027,Solanales,Solanaceae,Benthamielleae
Berberidoideae,1,NA,90.46783,NA,67.90927,NA,NA,37.28992,91.06877,Ranunculales,Berberidaceae,Berberidoideae
Betoideae,2,66.25126,69.55466,53.52761,60.24081,36.13812,66.84943,46.22658,74.39619,Caryophyllales,Amaranthaceae,Betoideae
Boehmerieae,2,26.87692,56.37268,25.00674,52.40851,5.15215,39.66242,35.47843,67.11672,Rosales,Urticaceae,Boehmerieae
Brandisia,1,NA,87.44669,NA,40.90652,NA,NA,31.32823,50.19246,Lamiales,Orobanchaceae,Brandisia
Brassicaea,2,25.16773,26.59416,20.27794,24.4491,10.99314,30.62633,15.59738,34.12758,Brassicales,Brassicaceae,Brassicaea
Brexiaceae,1,NA,50.755,NA,33.37425,NA,NA,10.08183,54.86972,Celastrales,Celastraceae,Brexiaceae
Brocchinioideae,2,33.90854,46.03809,27.46568,47.51127,7.76929,47.40599,41.20007,59.90567,Poales,Bromeliaceae,Brocchinioideae
Brodiaeoideae,2,39.23923,79.53304,25.4651,48.26228,6.91754,42.42536,33.96706,60.11042,Asparagales,Asparagaceae,Brodiaeoideae
Bromelioideae,2,14.38056,16.84416,7.04115,9.28401,2.52697,13.21694,4.47163,15.43447,Poales,Bromeliaceae,Bromelioideae
Browallioideae,2,49.95518,51.15392,27.60773,31.78293,14.97466,42.30436,19.34315,44.34027,Solanales,Solanaceae,Browallioideae
Brownlowioideae,2,33.43751,60.00827,19.30099,61.98764,4.07679,47.27359,59.32361,66.04809,Malvales,Malvaceae,Brownlowioideae
Buchnereae,2,59.75404,89.04386,24.90786,40.7053,9.19343,37.7068,29.57393,49.84418,Lamiales,Orobanchaceae,Buchnereae
Buddlejeae,1,NA,82.00004,NA,33.11495,NA,NA,14.9785,49.09376,Lamiales,Scrophulariaceae,Buddlejeae
Byrsonimoideae,1,NA,55.90861,NA,52.79214,NA,NA,35.96897,72.6635,Malpighiales,Malpighiaceae,Byrsonimoideae
Byttnerioideae,2,68.83009,69.00661,50.72527,53.44645,30.09609,68.07277,32.20153,69.77413,Malvales,Malvaceae,Byttnerioideae
Caesalpinioideae,1,NA,70.69884,NA,58.32223,NA,NA,48.50768,70.18069,Fabales,Fabaceae,Caesalpinioideae
Calamoideae,2,66.58062,93.11151,76.34799,95.5713,66.00071,92.06855,79.10531,112.53354,Arecales,Arecaceae,Calamoideae
Callicarpoideae,2,22.8999,85.03843,11.84333,46.01024,1.82561,26.45963,30.88202,59.34637,Lamiales,Lamiaceae,Callicarpoideae
Calycanthoideae,2,86.3,99.1441,92.24785,101.98173,86.3023,100.36542,91.79919,113.86271,Laurales,Calycanthaceae,Calycanthoideae
Campanuloideae,2,34.62506,69.85158,25.30639,49.24556,6.45943,50.04984,28.90466,71.23362,Asterales,Campanulaceae,Campanuloideae
Camphorosmoideae,2,17.34375,42.21058,18.65171,39.78112,4.8815,33.72048,22.20072,55.36669,Caryophyllales,Amaranthaceae,Camphorosmoideae
Caprifolioideae,1,NA,73.89959,NA,56.09541,NA,NA,41.48557,72.4225,Dipsacales,Caprifoliaceae,Caprifolioideae
Cardiochlamydeae,1,NA,61.96248,NA,32.73684,NA,NA,13.97929,53.8337,Solanales,Convolvulaceae,Cardiochlamydeae
Carduoideae,2,52.89753,55.63016,23.47912,27.4082,13.90607,34.21572,20.4398,35.55942,Asterales,Asteraceae,Carduoideae
Cartonematoideae,3,80.35979,111.42315,62.3435,89.80111,36.60188,83.48019,71.68709,104.82656,Commelinales,Commelinaceae,Cartonematoideae
CaryodaphnopsisNeocinnamomum,2,94.13308,103.77716,43.93848,57.16595,21.27197,68.39952,34.27384,85.16004,Laurales,Lauraceae,CaryodaphnopsisNeocinnamomum
Caryoteae,1,NA,54.73784,NA,56.01622,NA,NA,47.80914,67.39944,Arecales,Arecaceae,Caryoteae
Cassiopoideae,2,25.55104,79.54812,20.47699,66.86221,4.8142,40.74821,45.30936,83.05972,Ericales,Ericaceae,Cassiopoideae
Cassytheae,2,9.39982,114.96813,11.44229,79.32095,1.71726,26.09684,52.42505,107.99479,Laurales,Lauraceae,Cassytheae
Cecropieae,2,47.27126,56.37268,34.11265,52.40851,17.17089,55.61043,35.47843,67.11672,Rosales,Urticaceae,Cecropieae
Celastraceae.sstr,1,NA,50.755,NA,33.37425,NA,NA,10.08183,54.86972,Celastrales,Celastraceae,Celastraceae.sstr
Centropodia,1,NA,36.87727,NA,33.39534,NA,NA,22.23644,44.19792,Poales,Poaceae,Centropodia
Cercidioideae,2,42.49994,94.52863,46.50545,79.41241,34.07061,66.7673,64.93689,93.60901,Fabales,Fabaceae,Cercidioideae
Ceroxyloideae,2,64.22756,64.77622,62.07017,68.25126,37.22909,74.5204,63.74297,73.97926,Arecales,Arecaceae,Ceroxyloideae
Cheilosoideae,2,48.23904,98.13228,27.91762,63.58991,8.47252,49.48372,52.52663,75.84257,Malpighiales,Euphorbiaceae,Cheilosoideae
Chenopodioideae,2,57.4297,66.00808,38.31822,52.31699,24.10694,55.17121,35.69287,68.06487,Caryophyllales,Amaranthaceae,Chenopodioideae
Chironieae,1,NA,58.85229,NA,40.51974,NA,NA,25.32976,54.62055,Gentianales,Gentianaceae,Chironieae
Chloridoideae,2,26.59979,36.87727,19.96176,33.39534,8.24726,31.65246,22.23644,44.19792,Poales,Poaceae,Chloridoideae
Chorisporeae,2,23.3628,27.40281,18.91162,26.98949,8.46419,28.48667,17.81715,36.64297,Brassicales,Brassicaceae,Chorisporeae
Cichorioideae,2,43.47303,47.36292,16.01973,19.63031,9.11311,23.88521,13.02064,28.01391,Asterales,Asteraceae,Cichorioideae
Cinchonoideae,2,58.98225,94.65429,38.66658,70.14327,15.95034,64.36392,56.61221,87.06787,Gentianales,Rubiaceae,Cinchonoideae
Cissampelideae,1,NA,60,NA,66.12794,NA,NA,60.00033,76.63036,Ranunculales,Menispermaceae,Cissampelideae
Clusieae,1,NA,42.58013,NA,53.06987,NA,NA,41.33515,70.02183,Malpighiales,Clusiaceae,Clusieae
Cneoroideae,2,74.17834,78.5955,66.49785,78.44523,42.59048,86.85246,70.49518,88.07043,Sapindales,Rutaceae,Cneoroideae
Colchicoideae,1,NA,53.2375,NA,35.5063,NA,NA,16.57796,58.63985,Liliales,Colchicaceae,Colchicoideae
Convolvuloideae,1,NA,72.0759,NA,37.79747,NA,NA,21.53419,56.96352,Solanales,Convolvulaceae,Convolvuloideae
Coptidoideae,2,24.06562,74.20435,27.84188,64.62736,8.13771,53.32232,56.00124,76.73727,Ranunculales,Ranunculaceae,Coptidoideae
Corispermoideae,2,39.68738,66.00808,26.6355,52.31699,5.87753,46.25379,35.69287,68.06487,Caryophyllales,Amaranthaceae,Corispermoideae
Corrigioleae,2,72.18438,83.1621,56.58087,83.39392,27.91796,80.89281,68.07,96.89448,Caryophyllales,Caryophyllaceae,Corrigioleae
Corymbioideae,1,NA,45.14753,NA,17.97508,NA,NA,11.26205,27.0311,Asterales,Asteraceae,Corymbioideae
Coryphoideae,2,NA,NA,NA,NA,NA,NA,NA,NA,Arecales,Arecaceae,Coryphoideae
Crassuloideae,1,NA,66.1826,NA,60.6369,NA,NA,37.65638,88.89016,Saxifragales,Crassulaceae,Crassuloideae
Cratoxyleae,1,NA,64.42932,NA,39.56943,NA,NA,21.46296,56.47301,Malpighiales,Hypericaceae,Cratoxyleae
Crocoideae,2,32.1282,45.52513,18.24397,30.48779,6.02982,31.69884,16.26897,44.3132,Asparagales,Iridaceae,Crocoideae
Crotonoideae,4,NA,NA,NA,NA,NA,NA,NA,NA,Malpighiales,Euphorbiaceae,Crotonoideae
CrotonoideaeII,2,36.07585,93.60384,20.29909,58.46306,3.81561,39.53067,48.5283,70.23941,Malpighiales,Euphorbiaceae,CrotonoideaeII
Cryptocaryeae,2,59.28798,102.90313,25.23834,56.21485,4.35891,46.64859,29.25011,87.08896,Laurales,Lauraceae,Cryptocaryeae
Cucurbitoideae,1,NA,48.69139,NA,24.46121,NA,NA,9.9033,41.87481,Cucurbitales,Cucurbitaceae,Cucurbitoideae
Cuscutoideae,1,NA,72.0759,NA,37.79747,NA,NA,21.53419,56.96352,Solanales,Convolvulaceae,Cuscutoideae
Cyanantheae,1,NA,69.85158,NA,49.24556,NA,NA,28.90466,71.23362,Asterales,Campanulaceae,Cyanantheae
Cymaroideae,1,NA,50.97144,NA,22.22934,NA,NA,12.92066,32.64137,Lamiales,Lamiaceae,Cymaroideae
Cymbarieae,2,71.05263,92.32325,30.47663,47.18381,17.09142,45.73354,39.09796,55.12445,Lamiales,Orobanchaceae,Cymbarieae
Cyperoideae,2,54.38137,62.0471,48.55444,61.59291,32.0547,70.46546,47.08957,77.88713,Poales,Cyperaceae,Cyperoideae
Cyphioideae,2,62.62485,75.05414,25.50177,52.99672,1.64134,52.28816,31.87788,75.31807,Asterales,Campanulaceae,Cyphioideae
Cyphocarpoideae,1,NA,88.4109,NA,74.74142,NA,NA,55.03179,93.30557,Asterales,Campanulaceae,Cyphocarpoideae
Cypripedioideae,2,40.68016,85.33625,38.35315,85.40089,15.78816,63.42805,69.48234,99.63481,Asparagales,Orchidaceae,Cypripedioideae
Danthonioideae,2,20.08158,42.97004,20.67999,42.29343,8.9509,34.05156,30.97246,52.60921,Poales,Poaceae,Danthonioideae
Delimoideae,1,NA,28.64504,NA,33.31406,NA,NA,10.70899,59.95384,Dilleniales,Dilleniaceae,Delimoideae
Detarioideae,2,33.9,94.52863,43.37948,79.41241,33.90021,60.0084,64.93689,93.60901,Fabales,Fabaceae,Detarioideae
Dialioideae,2,47.04131,93.62469,39.39955,80.92515,13.55501,61.58042,69.87563,91.55026,Fabales,Fabaceae,Dialioideae
Dichondroideae,1,NA,61.96248,NA,32.73684,NA,NA,13.97929,53.8337,Solanales,Convolvulaceae,Dichondroideae
Didymocarpoideae,2,94.47987,104.18265,52.2003,65.23989,37.78461,67.05308,51.37362,80.47948,Lamiales,Gesneriaceae,Didymocarpoideae
Diervilloideae,1,NA,76.08459,NA,59.75718,NA,NA,45.89978,77.77636,Dipsacales,Caprifoliaceae,Diervilloideae
Dillenioideae,1,NA,38.19455,NA,45.69637,NA,NA,23.3685,65.79436,Dilleniales,Dilleniaceae,Dillenioideae
Dioscoreoideae,1,NA,122.59179,NA,65.288,NA,NA,28.13171,90.2516,Dioscoreales,Dioscoreaceae,Dioscoreoideae
Dipsacoideae,1,NA,47.74576,NA,24.6563,NA,NA,12.18197,42.09683,Dipsacales,Caprifoliaceae,Dipsacoideae
Doliocarpoideae,1,NA,28.64504,NA,33.31406,NA,NA,10.70899,59.95384,Dilleniales,Dilleniaceae,Doliocarpoideae
Dombeyoideae,2,32.84525,57.28676,21.3893,52.28395,4.7689,46.3959,27.94281,67.29841,Malvales,Malvaceae,Dombeyoideae
Dryadoideae,2,28.74768,87.81332,18.43027,67.98068,2.96806,39.70417,48.10267,87.08928,Rosales,Rosaceae,Dryadoideae
Duckeodendroideae,1,NA,62.17899,NA,46.19354,NA,NA,27.16431,61.24324,Solanales,Solanaceae,Duckeodendroideae
Duparquetioideae,1,NA,100.07276,NA,87.71709,NA,NA,76.82505,97.97846,Fabales,Fabaceae,Duparquetioideae
Echinodoreae,1,NA,41.3269,NA,48.74901,NA,NA,23.03737,70.88265,Alismatales,Alismataceae,Echinodoreae
Ehrhartoideae,2,34.18273,66,41.79996,67.05425,30.44188,56.74982,66.00001,69.06362,Poales,Poaceae,Ehrhartoideae
Elatostemateae,2,51.88269,55.48759,42.75997,52.35499,25.49541,59.14838,35.56695,67.59966,Rosales,Urticaceae,Elatostemateae
Enkianthoideae,2,26.70066,116.56844,20.15508,93.49782,2.19427,50.69955,86.71692,100.85986,Ericales,Ericaceae,Enkianthoideae
Epacridoideae,2,56.46673,71.47201,41.27389,71.53024,5.07935,65.00837,67.67118,76.29176,Ericales,Ericaceae,Epacridoideae
Epidendroideae,2,59.25861,72.55092,47.45485,68.78607,25.15502,69.15066,47.99078,87.09521,Asparagales,Orchidaceae,Epidendroideae
Ericoideae,2,53.85438,79.54812,36.16844,66.86221,13.22782,62.74518,45.30936,83.05972,Ericales,Ericaceae,Ericoideae
Eriogonoideae,1,NA,48.12788,NA,31.73784,NA,NA,12.63931,54.9262,Caryophyllales,Polygonaceae,Eriogonoideae
Eryciboideae,1,NA,69.7182,NA,42.57661,NA,NA,20.9683,65.09707,Solanales,Convolvulaceae,Eryciboideae
Euphorbioideae,2,76.42034,86.28921,41.87136,48.49611,37.80013,49.67782,41.05486,58.24797,Malpighiales,Euphorbiaceae,Euphorbioideae
Exaceae,1,NA,72.28503,NA,52.46995,NA,NA,35.38324,69.90117,Gentianales,Gentianaceae,Exaceae
Exbucklandoideae,1,NA,117.91603,NA,94.09246,NA,NA,83.61999,108.59374,Saxifragales,Hamamelidaceae,Exbucklandoideae
Faboideae,2,67.0046,87.07157,60.41463,73.69289,56.00002,67.33105,63.70972,83.46756,Fabales,Fabaceae,Faboideae
Fagoideae,1,NA,85.76523,NA,65.05206,NA,NA,37.90072,95.70341,Fagales,Fagaceae,Fagoideae
Famatinanthoideae,1,NA,63.70205,NA,39.62141,NA,NA,27.96795,53.40366,Asterales,Asteraceae,Famatinanthoideae
Garcinieae,1,NA,42.58013,NA,53.06987,NA,NA,41.33515,70.02183,Malpighiales,Clusiaceae,Garcinieae
Gelonieae,1,NA,83.60884,NA,43.95112,NA,NA,33.46516,57.03351,Malpighiales,Euphorbiaceae,Gelonieae
Gentianeae,1,NA,45.07983,NA,22.24514,NA,NA,10.97374,33.61094,Gentianales,Gentianaceae,Gentianeae
Geosiridoideae,1,NA,64.85171,NA,48.95866,NA,NA,33.9344,64.07158,Asparagales,Iridaceae,Geosiridoideae
Geranieae,1,NA,83.27253,NA,69.79999,NA,NA,20.44997,103.59571,Geraniales,Geraniaceae,Geranieae
Gesnerioideae,2,89.30107,91.34308,44.7191,49.20992,24.98245,63.35246,29.94699,68.58352,Lamiales,Gesneriaceae,Gesnerioideae
Glaucidioideae,1,NA,97.37874,NA,84.28602,NA,NA,70.9337,97.68633,Ranunculales,Ranunculaceae,Glaucidioideae
Gochnatioideae,2,50.16374,55.13677,18.68601,24.15032,4.31644,30.2361,13.39134,35.50908,Asterales,Asteraceae,Gochnatioideae
Goetzeoideae,2,27.72461,62.17899,19.83464,46.19354,6.66494,31.74229,27.16431,61.24324,Solanales,Solanaceae,Goetzeoideae
Gomphogyneae,1,NA,60.92017,NA,44.2537,NA,NA,24.66065,62.65981,Cucurbitales,Cucurbitaceae,Gomphogyneae
Gratioleae,1,NA,109.63283,NA,61.59015,NA,NA,35.28691,81.26252,Lamiales,Plantaginaceae,Gratioleae
Grevilleoideae,1,NA,60.44294,NA,53.7316,NA,NA,20.82112,81.65606,Proteales,Proteaceae,Grevilleoideae
Grewioideae,2,52.23948,69.00661,35.71916,53.44645,17.05448,57.25242,32.20153,69.77413,Malvales,Malvaceae,Grewioideae
Greyiaceae,1,NA,117.98817,NA,74.14278,NA,NA,41.26532,111.54855,Geraniales,Francoaceae,Greyiaceae
Gymnarrhenoideae,1,NA,47.36292,NA,19.63031,NA,NA,13.02064,28.01391,Asterales,Asteraceae,Gymnarrhenoideae
Gymnostachydoideae,1,NA,133.48971,NA,123.35707,NA,NA,113.00479,131.47973,Alismatales,Araceae,Gymnostachydoideae
Hamamelidoideae,1,NA,117.91603,NA,94.09246,NA,NA,83.61999,108.59374,Saxifragales,Hamamelidaceae,Hamamelidoideae
Harrimanelloideae,1,NA,80.20668,NA,76.17689,NA,NA,70.57952,82.48239,Ericales,Ericaceae,Harrimanelloideae
Hecastocleidoideae,1,NA,57.63945,NA,29.75105,NA,NA,22.27228,38.19001,Asterales,Asteraceae,Hecastocleidoideae
Hechtioideae,2,20.71552,29.63729,11.95352,20.32105,3.21807,21.24044,11.32021,28.69363,Poales,Bromeliaceae,Hechtioideae
Helicteroideae,2,56.21402,63.36858,49.41604,65.24428,23.22359,66.96052,60.49003,71.04137,Malvales,Malvaceae,Helicteroideae
Helieae,1,NA,51.59997,NA,29.1447,NA,NA,16.69723,41.33181,Gentianales,Gentianaceae,Helieae
Hemerocallidoideae,1,NA,85.19045,NA,55.2641,NA,NA,41.77643,67.16639,Asparagales,Asphodelaceae,Hemerocallidoideae
Hemimerideae,1,NA,108.92121,NA,61.28111,NA,NA,40.47346,80.78529,Lamiales,Scrophulariaceae,Hemimerideae
Heptacodium,1,NA,71.07262,NA,51.60006,NA,NA,38.27401,66.29561,Dipsacales,Caprifoliaceae,Heptacodium
Hermae,1,NA,51.71918,NA,26.67455,NA,NA,10.50054,43.54782,Apiales,Apiaceae,Hermae
Hibbertioideae,1,NA,38.19455,NA,45.69637,NA,NA,23.3685,65.79436,Dilleniales,Dilleniaceae,Hibbertioideae
Humbertioideae,1,NA,88.42164,NA,68.8805,NA,NA,54.10784,85.44898,Solanales,Convolvulaceae,Humbertioideae
Hydnoroideae,1,NA,121.92549,NA,87.12319,NA,NA,72.11927,106.60025,Piperales,Aristolochiaceae,Hydnoroideae
Hydrastidoideae,1,NA,90.01214,NA,75.91267,NA,NA,62.28458,88.88984,Ranunculales,Ranunculaceae,Hydrastidoideae
Hydrocharitoideae,1,NA,63.23182,NA,66.29485,NA,NA,55.90756,83.31301,Alismatales,Hydrocharitaceae,Hydrocharitoideae
Hydrocotyloideae,1,NA,71.13901,NA,52.53721,NA,NA,41.26217,65.95534,Apiales,Araliaceae,Hydrocotyloideae
Hypericeae,1,NA,64.42932,NA,39.56943,NA,NA,21.46296,56.47301,Malpighiales,Hypericaceae,Hypericeae
Hypodaphnideae,1,NA,102.90313,NA,56.21485,NA,NA,29.25011,87.08896,Laurales,Lauraceae,Hypodaphnideae
Hypseocharis,1,NA,83.27253,NA,69.79999,NA,NA,20.44997,103.59571,Geraniales,Geraniaceae,Hypseocharis
Idiospermoideae,1,NA,99.1441,NA,101.98173,NA,NA,91.79919,113.86271,Laurales,Calycanthaceae,Idiospermoideae
Iridoideae,2,63.48297,79.68507,43.25911,66.42555,21.78818,63.33064,51.43179,84.14891,Asparagales,Iridaceae,Iridoideae
Isophysidoideae,1,NA,87.90751,NA,74.9067,NA,NA,59.05507,93.64881,Asparagales,Iridaceae,Isophysidoideae
Ixoroideae,2,71.49652,94.65429,52.02843,70.14327,41.20781,66.94398,56.61221,87.06787,Gentianales,Rubiaceae,Ixoroideae
Kalanchooideae,1,NA,48.62758,NA,36.96447,NA,NA,16.3985,59.99876,Saxifragales,Crassulaceae,Kalanchooideae
Klotzschieae,1,NA,51.71918,NA,26.67455,NA,NA,10.50054,43.54782,Apiales,Apiaceae,Klotzschieae
LAC,2,98.84794,101.74313,73.73741,80.37668,56.46367,92.30444,66.9991,94.36022,Gentianales,Rubiaceae,LAC
Lactoris,1,NA,132.50261,NA,104.50327,NA,NA,84.2298,124.09103,Piperales,Aristolochiaceae,Lactoris
Lamioideae,2,43.57394,50.97144,15.27569,22.22934,7.19212,24.92706,12.92066,32.64137,Lamiales,Lamiaceae,Lamioideae
Larreoideae,1,NA,93.21414,NA,59.62837,NA,NA,26.91256,88.58757,Zygophyllales,Zygophyllaceae,Larreoideae
Lasioideae,2,56.4279,119.61761,27.51024,83.88164,4.95852,58.10358,41.41236,125.13481,Alismatales,Araceae,Lasioideae
Laureae,2,26.26617,61.48764,12.60434,27.05729,1.76538,25.22997,11.41301,46.74286,Laurales,Lauraceae,Laureae
Lemnoideae,2,53.71914,126.62215,57.3583,128.60442,27.24464,90.42805,126.12227,131.40072,Alismatales,Araceae,Lemnoideae
Leucophylleae,1,NA,36.82876,NA,17.74194,NA,NA,2.51474,32.52227,Lamiales,Scrophulariaceae,Leucophylleae
Limoselleae,1,NA,82.00004,NA,33.11495,NA,NA,14.9785,49.09376,Lamiales,Scrophulariaceae,Limoselleae
Lindenbergieae,2,45.4407,95.67205,25.46192,51.25747,9.2236,40.344,43.7804,57.85034,Lamiales,Orobanchaceae,Lindenbergieae
Lindmanioideae,2,14.53375,37.14366,7.38258,30.38497,0.54515,19.40553,17.60608,46.8672,Poales,Bromeliaceae,Lindmanioideae
Linnaeoideae,1,NA,54.95562,NA,39.9654,NA,NA,34.07092,50.82322,Dipsacales,Caprifoliaceae,Linnaeoideae
Lobelioideae,2,76.62946,84.72399,53.13929,67.74893,31.87396,75.01543,48.54497,86.45398,Asterales,Campanulaceae,Lobelioideae
Lomandroideae,2,73.78614,82.55721,40.78178,51.27129,24.42407,55.15931,39.33166,64.78277,Asparagales,Asparagaceae,Lomandroideae
Mackinlayoideae,2,81.7331,84.83445,54.31236,63.09341,35.81321,69.21769,52.13708,74.92787,Apiales,Apiaceae,Mackinlayoideae
Maesoideae,2,70.54984,92.188,35.75647,75.4351,7.97322,72.72341,55.43808,99.68071,Ericales,Primulaceae,Maesoideae
Malesherbioideae,1,NA,86.79367,NA,66.33186,NA,NA,44.50875,91.73506,Malpighiales,Passifloraceae,Malesherbioideae
Malmeoideae,2,52.83497,68.53511,30.78797,50.82444,15.22734,47.46174,34.7371,70.0113,Magnoliales,Annonaceae,Malmeoideae
Malpighioideae,1,NA,39.08261,NA,37.61411,NA,NA,27.82147,51.07466,Malpighiales,Malpighiaceae,Malpighioideae
Malvatheca,3,52.28899,59.2,40.65261,60.9034,13.60765,59.44026,59.20009,64.40786,Malvales,Malvaceae,Malvatheca
Mapanioideae,2,37.66995,62.0471,32.40288,61.59291,9.55224,56.24679,47.08957,77.88713,Poales,Cyperaceae,Mapanioideae
Medusagynoideae,1,NA,77.5271,NA,47.38799,NA,NA,29.67748,65.80806,Malpighiales,Ochnaceae,Medusagynoideae
Melanthieae,1,NA,106.9775,NA,57.47761,NA,NA,27.50123,91.92083,Liliales,Melanthiaceae,Melanthieae
Melastomatoideae,2,43.57146,47.24737,39.2455,48.37773,15.10774,63.72001,24.6544,73.83726,Myrtales,Melastomataceae,Melastomatoideae
Menispermeae,1,NA,79.23681,NA,83.0064,NA,NA,69.09876,102.36359,Ranunculales,Menispermaceae,Menispermeae
Mesembryanthemoideae,2,13.31044,62.05426,10.32583,43.70941,1.33414,22.74962,24.02422,63.15429,Caryophyllales,Aizoaceae,Mesembryanthemoideae
Mezilaurus,2,NA,NA,NA,NA,NA,NA,NA,NA,Laurales,Lauraceae,Mezilaurus
Micrairoideae,2,30.8306,43.80879,22.65144,41.70939,7.58045,36.87404,28.45767,54.39111,Poales,Poaceae,Micrairoideae
Mimosoideae,2,36.13643,70.69884,30.6235,58.32223,17.0754,45.58526,48.50768,70.18069,Fabales,Fabaceae,Mimosoideae
Monotropoideae,2,89.81079,93.97623,53.55259,66.59104,32.04388,75.0103,49.54569,85.6392,Ericales,Ericaceae,Monotropoideae
Monsteroideae,2,93.40326,123,59.28629,123.82991,20.14413,106.906,123.00003,125.26777,Alismatales,Araceae,Monsteroideae
Morinoideae,1,NA,53.6687,NA,35.98003,NA,NA,25.10542,49.58114,Dipsacales,Caprifoliaceae,Morinoideae
MorkillioideaeTribuloideae,1,NA,93.21414,NA,59.62837,NA,NA,26.91256,88.58757,Zygophyllales,Zygophyllaceae,MorkillioideaeTribuloideae
Mutisioideae,2,56.29816,58.16615,27.12673,30.88643,16.87393,38.00124,23.5606,39.44114,Asterales,Asteraceae,Mutisioideae
Myoporeae,1,NA,36.82876,NA,17.74194,NA,NA,2.51474,32.52227,Lamiales,Scrophulariaceae,Myoporeae
Myrsinoideae,2,62.84537,65.74375,35.88321,43.00244,19.0145,51.82924,23.75332,58.11377,Ericales,Primulaceae,Myrsinoideae
Myrtoideae,2,56.19474,68.02123,63.30037,73.07082,56.00028,75.99355,58.27367,88.59021,Myrtales,Myrtaceae,Myrtoideae
Myxopyreae,1,NA,81.59925,NA,48.04634,NA,NA,31.89129,67.60087,Lamiales,Oleaceae,Myxopyreae
Nandinoideae,1,NA,80.102,NA,50.99241,NA,NA,27.78464,75.30311,Ranunculales,Berberidaceae,Nandinoideae
Navioideae,2,19.8152,28.63907,10.25925,18.39388,2.48851,18.67581,10.47127,26.47747,Poales,Bromeliaceae,Navioideae
Nelsonioideae,2,86.45438,102.84854,42.73507,60.9015,24.90985,61.02468,51.54454,70.50292,Lamiales,Acanthaceae,Nelsonioideae
Nemacladoideae,2,73.60653,75.05414,43.64055,52.99672,19.67735,66.61284,31.87788,75.31807,Asterales,Campanulaceae,Nemacladoideae
Nepetoideae,2,53.49728,95.1499,38.25854,58.01499,27.84662,51.06316,48.13211,65.62152,Lamiales,Lamiaceae,Nepetoideae
Nicotianoideae,2,42.92824,46.21541,24.4662,28.10218,11.46248,36.04792,15.46051,39.70972,Solanales,Solanaceae,Nicotianoideae
Nivenioideae,2,32.26289,45.52513,18.39003,30.48779,6.00184,32.18378,16.26897,44.3132,Asparagales,Iridaceae,Nivenioideae
Nolinoideae,2,71.3737,77.48838,32.26242,43.16758,12.57235,50.66446,28.46512,58.78035,Asparagales,Asparagaceae,Nolinoideae
Nypoideae,1,NA,80.78212,NA,83.40294,NA,NA,71.20941,98.64821,Arecales,Arecaceae,Nypoideae
Ochnoideae,1,NA,75.38173,NA,41.44598,NA,NA,23.34505,57.75145,Malpighiales,Ochnaceae,Ochnoideae
Oleeae,2,59.64681,81.59925,36.45962,48.04634,27.82009,54.46818,31.89129,67.60087,Lamiales,Oleaceae,Oleeae
Olisbeoideae,2,11.17206,47.24737,18.18493,48.37773,5.04577,38.49788,24.6544,73.83726,Myrtales,Melastomataceae,Olisbeoideae
Orchidoideae,2,56.28902,72.55092,46.65569,68.78607,22.70676,70.56963,47.99078,87.09521,Asparagales,Orchidaceae,Orchidoideae
Orobancheae,2,76.00358,89.04386,24.12428,40.7053,10.62623,40.92725,29.57393,49.84418,Lamiales,Orobanchaceae,Orobancheae
Orontioideae,2,56.11591,133.48971,33.89775,123.35707,5.51137,72.56704,113.00479,131.47973,Alismatales,Araceae,Orontioideae
Pachygoneae,1,NA,60,NA,66.12794,NA,NA,60.00033,76.63036,Ranunculales,Menispermaceae,Pachygoneae
Panicoideae,2,34.41379,48.36982,29.64531,54.89269,4.90242,54.88736,44.61752,64.65463,Poales,Poaceae,Panicoideae
Parideae,1,NA,106.9775,NA,57.47761,NA,NA,27.50123,91.92083,Liliales,Melanthiaceae,Parideae
Parnassioideae,1,NA,94.20072,NA,79.41487,NA,NA,54.84975,99.45968,Celastrales,Celastraceae,Parnassioideae
Paronychieae,2,65.69719,76.10294,55.69444,74.26901,32.91418,81.98434,58.65285,89.73152,Caryophyllales,Caryophyllaceae,Paronychieae
Patersonioideae,1,NA,71.3599,NA,56.93025,NA,NA,41.15972,72.1992,Asparagales,Iridaceae,Patersonioideae
Pedicularidae,2,54.70685,84.05348,22.71397,36.45998,12.09416,33.62235,25.33904,45.41217,Lamiales,Orobanchaceae,Pedicularidae
Peronematoideae,2,76.67671,76.88552,35.9083,39.13337,24.00253,47.96476,27.9963,50.05996,Lamiales,Lamiaceae,Peronematoideae
Persoonioideae,1,NA,65.47194,NA,61.99268,NA,NA,24.04629,85.51948,Proteales,Proteaceae,Persoonioideae
Pertyoideae,2,27.04666,54.82256,12.24835,26.17021,3.2054,22.41523,19.10288,34.07289,Asterales,Asteraceae,Pertyoideae
Petunioideae,2,48.40365,59.40738,29.03419,42.82769,14.48647,42.82171,33.15883,52.74203,Solanales,Solanaceae,Petunioideae
Pharoideae,2,17.97925,78.55426,14.04217,77.59202,3.75327,28.37812,72.19485,82.47244,Poales,Poaceae,Pharoideae
Phyllanthoideae,2,86.52513,111.29326,48.03436,72.76344,33.9011,62.60704,46.84332,94.99295,Malpighiales,Phyllanthaceae,Phyllanthoideae
Phytolaccoideae,1,NA,72.1,NA,74.20573,NA,NA,72.10011,77.93814,Caryophyllales,Phytolaccaceae,Phytolaccoideae
Piperoideae,2,47.66726,64.04212,36.99284,57.1005,21.37991,55.46121,36.66627,84.06042,Piperales,Piperaceae,Piperoideae
Pitcairnioideae,2,16.30536,22.82385,8.61347,13.82575,2.66989,15.0508,7.36018,20.85618,Poales,Bromeliaceae,Pitcairnioideae
Plantagineae,1,NA,84.54671,NA,42.10883,NA,NA,25.44662,62.59393,Lamiales,Plantaginaceae,Plantagineae
Plassifloroideae,1,NA,76.73285,NA,51.20134,NA,NA,25.76356,75.03225,Malpighiales,Passifloraceae,Plassifloroideae
Platysace,1,NA,85.48575,NA,65.30857,NA,NA,55.20058,77.36985,Apiales,Apiaceae,Platysace
Podophylloideae,1,NA,80.102,NA,50.99241,NA,NA,27.78464,75.30311,Ranunculales,Berberidaceae,Podophylloideae
Polycarpeae,2,47.2144,71.94687,37.06028,65.77066,17.81255,57.76748,49.47934,82.81531,Caryophyllales,Caryophyllaceae,Polycarpeae
Polycnemoideae,2,44.66581,69.08484,33.73265,60.94527,17.83635,54.28901,42.89083,75.67319,Caryophyllales,Amaranthaceae,Polycnemoideae
Polygaleae,1,NA,56.55217,NA,70.78377,NA,NA,56.00082,88.15324,Fabales,Polygalaceae,Polygaleae
Polygonoideae,1,NA,52.18937,NA,40.53075,NA,NA,19.61429,61.60757,Caryophyllales,Polygonaceae,Polygonoideae
Pooideae,2,50.72743,60.51287,38.23492,55.25677,15.83495,57.83846,38.80917,66.98617,Poales,Poaceae,Pooideae
Potalieae,1,NA,54.77496,NA,34.40014,NA,NA,20.93677,47.82518,Gentianales,Gentianaceae,Potalieae
Pothoideae,2,105.76792,123,79.60014,123.82991,29.29999,120.0074,123.00003,125.26777,Alismatales,Araceae,Pothoideae
Premnoideae,2,77.02498,83.40192,33.34576,42.04665,16.41159,48.34666,30.70036,53.50512,Lamiales,Lamiaceae,Premnoideae
Primuloideae,2,57.55007,65.74375,30.77668,43.00244,10.18943,49.03827,23.75332,58.11377,Ericales,Primulaceae,Primuloideae
Prostantheroideae,2,64.20275,85.03843,29.34441,46.01024,11.16875,48.41741,30.88202,59.34637,Lamiales,Lamiaceae,Prostantheroideae
Proteoideae,1,NA,60.44294,NA,53.7316,NA,NA,20.82112,81.65606,Proteales,Proteaceae,Proteoideae
Psiloxyloideae,2,34.6218,68.02123,35.0765,73.07082,7.92968,60.94901,58.27367,88.59021,Myrtales,Myrtaceae,Psiloxyloideae
Puelioideae,2,61.61511,69.22419,46.52216,73.00442,16.99419,70.2892,69.0069,77.38074,Poales,Poaceae,Puelioideae
Puyoideae,2,16.64162,16.84416,7.71387,9.28401,2.95133,13.53415,4.47163,15.43447,Poales,Bromeliaceae,Puyoideae
Pyroloideae,2,43.19723,98.36321,34.76044,78.33154,12.05171,61.24595,64.47763,91.09877,Ericales,Ericaceae,Pyroloideae
Quercoideae,1,NA,85.76523,NA,65.05206,NA,NA,37.90072,95.70341,Fagales,Fagaceae,Quercoideae
Quiinoideae,1,NA,75.38173,NA,41.44598,NA,NA,23.34505,57.75145,Malpighiales,Ochnaceae,Quiinoideae
Ranunculoideae,2,38.34433,64.39412,31.34408,51.99567,11.01458,45.61529,31.54259,69.08744,Ranunculales,Ranunculaceae,Ranunculoideae
Rauvolfioideae,2,69.12561,73.59743,37.55688,45.54356,20.66088,54.70343,31.23734,60.64955,Gentianales,Apocynaceae,Rauvolfioideae
Rehmannieae,2,74.17454,107.49867,33.05682,56.95578,12.3796,52.61748,50.9244,63.00485,Lamiales,Orobanchaceae,Rehmannieae
Rhinantheae,2,83.91406,84.05348,31.87226,36.45998,20.82374,42.68439,25.33904,45.41217,Lamiales,Orobanchaceae,Rhinantheae
Rosoideae,2,74.05511,99.76346,58.07134,84.53898,34.65846,84.55021,62.80774,107.24194,Rosales,Rosaceae,Rosoideae
Rubioideae,2,79.33119,101.16076,54.94953,78.06662,35.47644,75.89452,65.54668,93.30056,Gentianales,Rubiaceae,Rubioideae
Ruschioideae,2,58.73005,62.05426,36.40694,43.70941,18.41247,55.72871,24.02422,63.15429,Caryophyllales,Aizoaceae,Ruschioideae
Rutoideae,2,58.54646,66,50.35913,69.55041,28.34202,67.56888,66.00016,76.65006,Sapindales,Rutaceae,Rutoideae
Saccifolieae,1,NA,89.00418,NA,67.31315,NA,NA,49.11835,84.22891,Gentianales,Gentianaceae,Saccifolieae
SagineaeSclerantheae,2,51.87309,55.10095,36.74433,45.78464,23.62301,51.1428,31.46739,59.97839,Caryophyllales,Caryophyllaceae,SagineaeSclerantheae
Salicoideae,3,72.71573,83.44224,62.14127,69.55638,52.7856,71.73586,59.09135,81.58417,Malpighiales,Salicaceae,Salicoideae
Salicornioideae,2,30.58837,42.95394,24.68928,39.792,10.11596,38.74151,23.83281,53.22617,Caryophyllales,Amaranthaceae,Salicornioideae
Salsoloideae,2,39.44116,42.21058,33.78201,39.78112,18.28702,51.27629,22.20072,55.36669,Caryophyllales,Amaranthaceae,Salsoloideae
Samydoideae,1,NA,101.4627,NA,78.33132,NA,NA,64.59667,91.13325,Malpighiales,Salicaceae,Samydoideae
Sanangoideae,1,NA,91.34308,NA,49.20992,NA,NA,29.94699,68.58352,Lamiales,Gesneriaceae,Sanangoideae
Saniculoideae,2,53.49308,60.09443,29.26714,37.09515,13.92338,45.55535,24.12525,51.91976,Apiales,Apiaceae,Saniculoideae
Schizanthoideae,2,17.75347,70.29821,15.78888,60.46478,2.6185,32.73592,52.22091,75.37783,Solanales,Solanaceae,Schizanthoideae
Schwenkioideae,2,28.60392,60.03461,23.12045,44.85687,9.27569,37.16985,34.7038,54.22191,Solanales,Solanaceae,Schwenkioideae
Scilloideae,2,60.89492,79.53304,32.47393,48.26228,16.0214,47.06914,33.96706,60.11042,Asparagales,Asparagaceae,Scilloideae
Scrophularieae,1,NA,86.07271,NA,38.59614,NA,NA,17.73723,56.12548,Lamiales,Scrophulariaceae,Scrophularieae
Scutellarioideae,2,60.89772,73.18242,23.95814,34.92158,10.77206,36.51661,24.0721,46.56791,Lamiales,Lamiaceae,Scutellarioideae
Scyphostegioideae,1,NA,83.44224,NA,69.55638,NA,NA,59.09135,81.58417,Malpighiales,Salicaceae,Scyphostegioideae
Sempervivoideae,1,NA,48.62758,NA,36.96447,NA,NA,16.3985,59.99876,Saxifragales,Crassulaceae,Sempervivoideae
Sesuvioideae,2,43.12635,84.15124,36.00648,74.14105,13.44657,60.07276,59.50353,85.77552,Caryophyllales,Aizoaceae,Sesuvioideae
Siphonochiloideae,1,NA,41.05091,NA,41.90906,NA,NA,23.35693,60.53543,Zingiberales,Zingiberaceae,Siphonochiloideae
Solanoideae,2,45.7069,46.21541,25.7037,28.10218,11.79699,37.76436,15.46051,39.70972,Solanales,Solanaceae,Solanoideae
Sperguleae,2,51.13201,55.10095,36.954,45.78464,20.00516,51.02725,31.46739,59.97839,Caryophyllales,Caryophyllaceae,Sperguleae
Stackhousiaceae,1,NA,71.31204,NA,57.67886,NA,NA,37.18193,80.40546,Celastrales,Celastraceae,Stackhousiaceae
Sterculioideae,2,45.73192,59.2,33.77907,60.9034,10.16916,56.30342,59.20009,64.40786,Malvales,Malvaceae,Sterculioideae
Stifftioideae,2,37.59334,56.67498,13.77106,26.68431,2.11395,26.42231,16.10975,37.46175,Asterales,Asteraceae,Stifftioideae
Streptogyna,1,NA,66,NA,67.05425,NA,NA,66.00001,69.06362,Poales,Poaceae,Streptogyna
Suaedoideae,2,37.6017,42.95394,29.75745,39.792,14.02449,45.16596,23.83281,53.22617,Caryophyllales,Amaranthaceae,Suaedoideae
Symmerioideae,1,NA,57.07612,NA,49.92597,NA,NA,26.2233,74.91678,Caryophyllales,Polygonaceae,Symmerioideae
Symphionematoideae,1,NA,70.21309,NA,73.84233,NA,NA,30.4316,98.0885,Proteales,Proteaceae,Symphionematoideae
Tectonoideae,2,57.48878,89.65562,24.96771,49.72062,7.77094,44.27232,39.37624,58.99119,Lamiales,Lamiaceae,Tectonoideae
Thalictroideae,2,23.39269,64.39412,20.14146,51.99567,8.82705,33.42616,31.54259,69.08744,Ranunculales,Ranunculaceae,Thalictroideae
Theophrastoideae,2,77.39648,84.82145,45.024,62.27793,23.59674,64.45043,44.59487,84.3781,Ericales,Primulaceae,Theophrastoideae
Thunbergioideae,2,68.56639,90.55655,32.07599,48.82836,12.2697,46.5018,38.40457,58.10283,Lamiales,Acanthaceae,Thunbergioideae
Tilioideae,2,46.29061,57.28676,35.00898,52.28395,6.39135,60.3052,27.94281,67.29841,Malvales,Malvaceae,Tilioideae
Tillandsioideae,2,28.91333,32.00822,18.89221,23.50765,9.06809,29.69949,14.43273,34.96589,Poales,Bromeliaceae,Tillandsioideae
Triceratieae,1,NA,57.99831,NA,38.91877,NA,NA,21.5557,57.85689,Cucurbitales,Cucurbitaceae,Triceratieae
Turneroideae,1,NA,76.73285,NA,51.20134,NA,NA,25.76356,75.03225,Malpighiales,Passifloraceae,Turneroideae
Urticeae,2,40.74087,55.48759,34.29964,52.35499,18.59449,50.6186,35.56695,67.59966,Rosales,Urticaceae,Urticeae
Uvularioideae,1,NA,53.2375,NA,35.5063,NA,NA,16.57796,58.63985,Liliales,Colchicaceae,Uvularioideae
Vaccinioideae,2,66,71.47201,67.63464,71.53024,66.00027,70.75208,67.67118,76.29176,Ericales,Ericaceae,Vaccinioideae
Valerianoideae,1,NA,47.74576,NA,24.6563,NA,NA,12.18197,42.09683,Dipsacales,Caprifoliaceae,Valerianoideae
Vanilloideae,2,71.94604,89.19699,66.66376,95.05621,46.37959,85.34265,80.09512,109.04669,Asparagales,Orchidaceae,Vanilloideae
Verhuellioideae,1,NA,68.46741,NA,68.42898,NA,NA,45.29867,99.29356,Piperales,Piperaceae,Verhuellioideae
Veroniceae,1,NA,84.54671,NA,42.10883,NA,NA,25.44662,62.59393,Lamiales,Plantaginaceae,Veroniceae
Viticoideae,2,81.82818,91.32578,41.44266,52.22684,25.54853,56.25887,41.79762,61.4477,Lamiales,Lamiaceae,Viticoideae
Vivianiaceae,1,NA,117.98817,NA,74.14278,NA,NA,41.26532,111.54855,Geraniales,Francoaceae,Vivianiaceae
Voyrieae,1,NA,45.07983,NA,22.24514,NA,NA,10.97374,33.61094,Gentianales,Gentianaceae,Voyrieae
Wunderlichioideae,2,53.09668,55.13677,21.69397,24.15032,10.13189,33.97227,13.39134,35.50908,Asterales,Asteraceae,Wunderlichioideae
Xanthophylleae,1,NA,56.55217,NA,70.78377,NA,NA,56.00082,88.15324,Fabales,Polygalaceae,Xanthophylleae
Xanthorrhoeoideae,1,NA,80.35779,NA,46.06529,NA,NA,28.16467,65.84294,Asparagales,Asphodelaceae,Xanthorrhoeoideae
Zabelia,1,NA,52.75454,NA,32.85926,NA,NA,20.54412,47.18204,Dipsacales,Caprifoliaceae,Zabelia
Zamioculcadoideae,2,101.4606,114.11963,54.85298,68.95392,14.86668,90.9708,29.67691,111.01489,Alismatales,Araceae,Zamioculcadoideae
Zanonieae,1,NA,53.68204,NA,31.837,NA,NA,17.46944,51.60543,Cucurbitales,Cucurbitaceae,Zanonieae
Zingibereae,1,NA,28.70709,NA,24.32679,NA,NA,12.02737,43.57918,Zingiberales,Zingiberaceae,Zingibereae
Zyppelioideae,2,42.53601,64.04212,28.32386,57.1005,4.12106,48.77957,36.66627,84.06042,Piperales,Piperaceae,Zyppelioideae
