family,rich,AM,EM,NM,OM,ER,AM.perc,EM.perc,NM.perc,OM.perc,ER.perc,AM.raw,EM.raw,ER.raw,MIX.raw,NM.raw,OM.raw,UNK.raw,AM.raw.perc,EM.raw.perc,ER.raw.perc,MIX.raw.perc,NM.raw.perc,OM.raw.perc,UNK.raw.perc,type.50,type.60,type.80,type.100,stem.age,r.e0,r.e05,r.e09,shannon
Acanthaceae,3947,2546.5,0,1257.5,0,0,0.669426919032597,0,0.330573080967403,0,0,1307,0,0,2479,12,0,149,0.331137572840132,0,0,0.628071953382316,0.00304028375981758,0,0.037750190017735,AM,AM,MIX,MIX,42.016172,0.197083900829015,0.180592777942584,0.142335755854878,0.63458374060852
Achariaceae,101,100,0,0,0,0,1,0,0,0,0,100,0,0,0,0,0,1,0.99009900990099,0,0,0,0,0,0.0099009900990099,AM,AM,AM,AM,87.55776,0.0527094402237022,0.0449055073213879,0.0273864392236436,0
Achatocarpaceae,11,5.5,5.5,0,0,0,0.5,0.5,0,0,0,0,0,0,11,0,0,0,0,0,0,1,0,0,0,MIX,MIX,MIX,MIX,52.110063,0.0460159733984273,0.0343841355407314,0.0133015993582649,0.693147180559945
Acoraceae,2,1,0,1,0,0,0.5,0,0.5,0,0,0,0,0,2,0,0,0,0,0,0,1,0,0,0,MIX,MIX,MIX,MIX,171.266982,0.00404717343918599,0.00236744469583848,0.000556500609115217,0.693147180559945
Actinidiaceae,176,176,0,0,0,0,1,0,0,0,0,176,0,0,0,0,0,0,1,0,0,0,0,0,0,AM,AM,AM,AM,70.184411,0.0736699777253691,0.0638746195649328,0.0415729175540745,0
Adoxaceae,194,190,0,1,0,0,0.994764397905759,0,0.00523560209424084,0,0,189,0,0,2,0,0,3,0.974226804123711,0,0,0.0103092783505155,0,0,0.0154639175257732,AM,AM,AM,MIX,91.355933,0.0576630108858209,0.0501319643684642,0.0329548480014729,0.0327206861068792
Aextoxicaceae,1,1,0,0,0,0,1,0,0,0,0,1,0,0,0,0,0,0,1,0,0,0,0,0,0,AM,AM,AM,AM,97.433843,0,0,0,0
Aizoaceae,2270,881.5,0,1224,0,0,0.418665400142484,0,0.581334599857516,0,0,4,0,0,1755,231,0,280,0.00176211453744493,0,0,0.773127753303965,0.101762114537445,0,0.123348017621145,NM,MIX,MIX,MIX,44.386534,0.17409638496386,0.158490148420816,0.122309773866363,0.679857569890944
Akaniaceae,2,2,0,0,0,0,1,0,0,0,0,2,0,0,0,0,0,0,1,0,0,0,0,0,0,AM,AM,AM,AM,55.276754,0.0125395782205291,0.00733518303386925,0.00172423619166069,0
Alismataceae,120,60,0,60,0,0,0.5,0,0.5,0,0,0,0,0,120,0,0,0,0,0,0,1,0,0,0,MIX,MIX,MIX,MIX,63.488798,0.0754068732374181,0.0646199565006223,0.0402784017326588,0.693147180559945
Alseuosmiaceae,6,6,0,0,0,0,1,0,0,0,0,6,0,0,0,0,0,0,1,0,0,0,0,0,0,AM,AM,AM,AM,76.151854,0.0235287701495495,0.0164508531662981,0.00532442858329049,0
Alstroemeriaceae,259,259,0,0,0,0,1,0,0,0,0,259,0,0,0,0,0,0,1,0,0,0,0,0,0,AM,AM,AM,AM,99.207819,0.0560119970150693,0.0490640203516175,0.0331465999420551,0
Altingiaceae,19,16,0,0,0,0,1,0,0,0,0,16,0,0,0,0,0,3,0.842105263157895,0,0,0,0,0,0.157894736842105,AM,AM,AM,AM,96.105048,0.0306377140477204,0.0239590442012374,0.0107134790378665,0
Amaranthaceae,2052,895.5,0,1257,0,0,0.41602787456446,0,0.58397212543554,0,0,21,0,0,1749,255,0,27,0.010233918128655,0,0,0.85233918128655,0.124269005847953,0,0.0131578947368421,NM,MIX,MIX,MIX,52.110063,0.146355037150707,0.133062787440096,0.102252063826835,0.678977490633186
Amaryllidaceae,2258,2241.5,0,10.5,0,0,0.995337477797513,0,0.00466252220248668,0,0,2231,0,0,21,0,0,6,0.988042515500443,0,0,0.00930026572187777,0,0,0.00265721877767936,AM,AM,AM,MIX,71.218273,0.108430525192735,0.0987040269273036,0.0761549996798361,0.0296809814889252
Amborellaceae,1,1,0,0,0,0,1,0,0,0,0,1,0,0,0,0,0,0,1,0,0,0,0,0,0,AM,AM,AM,AM,234.540723,0,0,0,0
Anacardiaceae,701,668,0,0,0,0,1,0,0,0,0,668,0,0,0,0,0,33,0.952924393723253,0,0,0,0,0,0.0470756062767475,AM,AM,AM,AM,59.827346,0.109523626320221,0.0979616616031382,0.0712496903513205,0
Anarthriaceae,11,5.5,0,5.5,0,0,0.5,0,0.5,0,0,0,0,0,11,0,0,0,0,0,0,1,0,0,0,MIX,MIX,MIX,MIX,54.971537,0.0436206699623183,0.0325943127482147,0.0126092013865275,0.693147180559945
Ancistrocladaceae,21,21,0,0,0,0,1,0,0,0,0,21,0,0,0,0,0,0,1,0,0,0,0,0,0,AM,AM,AM,AM,49.245253,0.0618236733949448,0.0486929221949245,0.0223089987712747,0
Anisophylleaceae,78,76,0,0,0,0,1,0,0,0,0,76,0,0,0,0,0,2,0.974358974358974,0,0,0,0,0,0.0256410256410256,AM,AM,AM,AM,38.106467,0.114329906960139,0.0964744559475187,0.0567704958232034,0
Annonaceae,2106,1910,0,0,0,0,1,0,0,0,0,1910,0,0,0,0,0,196,0.90693257359924,0,0,0,0,0,0.0930674264007597,AM,AM,AM,AM,95.495022,0.0801355456276445,0.0728820527759473,0.0560681058169329,0
Aphloiaceae,2,2,0,0,0,0,1,0,0,0,0,2,0,0,0,0,0,0,1,0,0,0,0,0,0,AM,AM,AM,AM,94.450125,0.00733876403615078,0.00429290176278924,0.00100910591494003,0
Apiaceae,3257,3099.5,1,31.5,0,0,0.989623243933589,0.000319284802043423,0.0100574712643678,0,0,3082,0,0,35,10,0,130,0.946269573226896,0,0,0.0107460853546208,0.00307031010132023,0,0.039914031317163,AM,AM,AM,MIX,73.389673,0.110213896242271,0.100773328266527,0.0788767130838199,0.0591515207791982
Apocynaceae,5556,5069,0,169,0,0,0.967735777014127,0,0.0322642229858725,0,0,4930,0,0,278,20,0,328,0.887329013678906,0,0,0.0500359971202304,0.00359971202303816,0,0.0590352771778258,AM,AM,AM,MIX,46.755187,0.184420900805599,0.16959971719758,0.135207825619767,0.142526812956482
Apodanthaceae,26,0,0,36,0,0,0,0,1,0,0,0,0,0,0,24,0,2,0,0,0,0,0.923076923076923,0,0.0769230769230769,NM,NM,NM,NM,NA,NA,NA,NA,0
Aponogetonaceae,58,28.5,0,28.5,0,0,0.5,0,0.5,0,0,0,0,0,57,0,0,1,0,0,0,0.982758620689655,0,0,0.0172413793103448,MIX,MIX,MIX,MIX,93.445196,0.0434526672783309,0.0362179160429582,0.0203553270560524,0.693147180559945
Aquifoliaceae,480,475,0,0,0,0,1,0,0,0,0,475,0,0,0,0,0,5,0.989583333333333,0,0,0,0,0,0.0104166666666667,AM,AM,AM,AM,69.070213,0.0893842053723207,0.0793789370469411,0.0563162791532267,0
Araceae,3368,1924.5,0,1454,0,0,0.569631493266242,0,0.430368506733758,0,0,535,0,0,2779,43,0,11,0.158847980997625,0,0,0.825118764845606,0.0127672209026128,0,0.00326603325415677,AM,MIX,MIX,MIX,140.998142,0.0576041234313727,0.0526902266757998,0.0412924443173976,0.683418500616959
Araliaceae,1533,1521.5,0,5.5,0,0,0.996398166339227,0,0.00360183366077276,0,0,1516,0,0,11,0,0,6,0.988910632746249,0,0,0.00717547292889759,0,0,0.00391389432485323,AM,AM,AM,MIX,76.578803,0.0957834490945466,0.0867405410001937,0.0657917108097032,0.0238603799706978
Araucariaceae,39,38,0,0,0,0,1,0,0,0,0,38,0,0,0,0,0,1,0.974358974358974,0,0,0,0,0,0.0256410256410256,AM,AM,AM,AM,197.536807,0.0185462228623025,0.0151654383760187,0.00794087917961459,0
Arecaceae,2522,2175,0,52,0,0,0.976650202065559,0,0.023349797934441,0,0,2123,0,0,104,0,0,295,0.841792228390167,0,0,0.0412371134020619,0,0,0.116970658207772,AM,AM,AM,MIX,115.611843,0.0677509095372251,0.0617588698770342,0.0478652058816421,0.110804133567071
Argophyllaceae,22,22,0,0,0,0,1,0,0,0,0,22,0,0,0,0,0,0,1,0,0,0,0,0,0,AM,AM,AM,AM,69.453762,0.0445050399625339,0.0351650791121898,0.0162900047299252,0
Aristolochiaceae,624,368.5,0,242.5,0,0,0.603109656301146,0,0.396890343698854,0,0,126,0,0,485,0,0,13,0.201923076923077,0,0,0.77724358974359,0,0,0.0208333333333333,AM,AM,MIX,MIX,122.157862,0.0526871562991945,0.0470260724534984,0.033955123814709,0.671730646566058
Asparagaceae,2879,2696,0,117,0,0,0.958407394241024,0,0.0415926057589762,0,0,2579,0,0,234,0,0,66,0.895797151788816,0,0,0.0812782216047239,0,0,0.0229246266064606,AM,AM,AM,MIX,71.218273,0.111842058998148,0.102114219935803,0.0795545043196803,0.172972920480563
Asteliaceae,37,32,0,0,0,0,1,0,0,0,0,32,0,0,0,0,0,5,0.864864864864865,0,0,0,0,0,0.135135135135135,AM,AM,AM,AM,54.934989,0.0657307478962856,0.0535986086966622,0.0277793138994721,0
Asteropeiaceae,8,4,4,0,0,0,0.5,0.5,0,0,0,0,0,0,8,0,0,0,0,0,0,1,0,0,0,MIX,MIX,MIX,MIX,33.824843,0.0614767536889923,0.0444666482790851,0.0156875303475073,0.693147180559945
Atherospermataceae,20,20,0,0,0,0,1,0,0,0,0,20,0,0,0,0,0,0,1,0,0,0,0,0,0,AM,AM,AM,AM,89.030833,0.0336482561446324,0.0264107970006692,0.0119588989692192,0
Austrobaileyaceae,1,1,0,0,0,0,1,0,0,0,0,1,0,0,0,0,0,0,1,0,0,0,0,0,0,AM,AM,AM,AM,179.240932,0,0,0,0
Balanopaceae,9,9,0,0,0,0,1,0,0,0,0,9,0,0,0,0,0,0,1,0,0,0,0,0,0,AM,AM,AM,AM,75.798067,0.0289878708560763,0.0212332316130713,0.00775463924300496,0
Balanophoraceae,45,0,0,66,0,0,0,0,1,0,0,0,0,0,0,44,0,1,0,0,0,0,0.977777777777778,0,0.0222222222222222,NM,NM,NM,NM,37.510831,0.101481689109215,0.0835890363487055,0.0449576537925867,0
Balsaminaceae,488,487,0,0,0,0,1,0,0,0,0,487,0,0,0,0,0,1,0.997950819672131,0,0,0,0,0,0.00204918032786885,AM,AM,AM,AM,45.042083,0.137434039315037,0.122090608218872,0.0867190119316325,0
Barbeyaceae,1,1,0,0,0,0,1,0,0,0,0,1,0,0,0,0,0,0,1,0,0,0,0,0,0,AM,AM,AM,AM,77.092391,0,0,0,0
Basellaceae,19,14,0,0,0,0,1,0,0,0,0,14,0,0,0,0,0,5,0.736842105263158,0,0,0,0,0,0.263157894736842,AM,AM,AM,AM,36.409964,0.0808690439563862,0.0632405210011756,0.0282785068719419,0
Bataceae,2,1,0,1,0,0,0.5,0,0.5,0,0,0,0,0,2,0,0,0,0,0,0,1,0,0,0,MIX,MIX,MIX,MIX,57.232018,0.0121111784064638,0.00708458520732511,0.00166532970765289,0.693147180559945
Begoniaceae,1601,1601,0,0,0,0,1,0,0,0,0,1601,0,0,0,0,0,0,1,0,0,0,0,0,0,AM,AM,AM,AM,38.106467,0.193625499655917,0.175452133808898,0.133347559220971,0
Berberidaceae,755,739,0,0,0,0,1,0,0,0,0,739,0,0,0,0,0,16,0.978807947019868,0,0,0,0,0,0.0211920529801325,AM,AM,AM,AM,124.400456,0.0532692400199001,0.0477079778197886,0.0348550386034958,0
Betulaceae,234,0,234,0,0,0,0,1,0,0,0,0,234,0,0,0,0,0,0,1,0,0,0,0,0,EM,EM,EM,EM,32.795215,0.166345032815235,0.145339444598372,0.0972848127492533,0
Biebersteiniaceae,5,5,0,0,0,0,1,0,0,0,0,5,0,0,0,0,0,0,1,0,0,0,0,0,0,AM,AM,AM,AM,73.657286,0.0218503558824323,0.0149151882770716,0.00456807812089646,0
Bignoniaceae,852,844,0,2.5,0,0,0.997046662728884,0,0.00295333727111636,0,0,843,0,0,2,1,0,6,0.98943661971831,0,0,0.00234741784037559,0.00117370892018779,0,0.00704225352112676,AM,AM,AM,MIX,29.203711,0.23105236614721,0.207357632286244,0.152566549211286,0.0201516283083664
Bixaceae,23,23,0,0,0,0,1,0,0,0,0,23,0,0,0,0,0,0,1,0,0,0,0,0,0,AM,AM,AM,AM,67.188807,0.0466669130757025,0.0369839376637243,0.0173116752884998,0
Blandfordiaceae,4,4,0,0,0,0,1,0,0,0,0,4,0,0,0,0,0,0,1,0,0,0,0,0,0,AM,AM,AM,AM,68.808243,0.0201472134831272,0.0133165837685196,0.00381297723976895,0
Bonnetiaceae,36,36,0,0,0,0,1,0,0,0,0,36,0,0,0,0,0,0,1,0,0,0,0,0,0,AM,AM,AM,AM,93.500477,0.0383262102337308,0.0312059448860809,0.0160863072043608,0
Boraginaceae,2686,1860,0,739,4,0,0.714560122935075,0,0.283903188628506,0.00153668843641952,0,1121,0,0,1478,0,4,83,0.41734921816828,0,0,0.550260610573343,0,0.00148920327624721,0.0309009679821296,AM,AM,MIX,MIX,74.999004,0.105278843130813,0.096041721141464,0.0746219028501905,0.607578788167566
Boryaceae,12,12,0,0,0,0,1,0,0,0,0,12,0,0,0,0,0,0,1,0,0,0,0,0,0,AM,AM,AM,AM,106.090362,0.0234225485043401,0.0176434705435503,0.00699344719673383,0
Brassicaceae,4060,0,0,5986.5,0,0,0,0,1,0,0,0,0,0,0,3991,0,69,0,0,0,0,0.983004926108374,0,0.0169950738916256,NM,NM,NM,NM,69.248859,0.11998664487159,0.109980690759487,0.0867677466715754,0
Bromeliaceae,3320,1302.5,0,2543,0,0,0.338707580288649,0,0.661292419711351,0,0,342,0,0,1921,1055,0,2,0.103012048192771,0,0,0.578614457831325,0.317771084337349,0,0.000602409638554217,NM,NM,MIX,MIX,85.592749,0.0947243797708908,0.0866296985135599,0.06785437098861,0.6401744992561
Brunelliaceae,60,60,0,0,0,0,1,0,0,0,0,60,0,0,0,0,0,0,1,0,0,0,0,0,0,AM,AM,AM,AM,70.027114,0.0584679894450898,0.0488057623453305,0.0275824791466233,0
Bruniaceae,92,83,0,0,0,0,1,0,0,0,0,83,0,0,0,0,0,9,0.902173913043478,0,0,0,0,0,0.0978260869565217,AM,AM,AM,AM,93.547307,0.0483369187426105,0.0410428951481555,0.0247204916743056,0
Burmanniaceae,163,160,0,0,0,0,1,0,0,0,0,160,0,0,0,0,0,3,0.98159509202454,0,0,0,0,0,0.0184049079754601,AM,AM,AM,AM,110.048574,0.0462863807831509,0.0400434016279416,0.0258513970732543,0
Burseraceae,649,641,0,4,0,0,0.993798449612403,0,0.0062015503875969,0,0,637,0,0,8,0,0,4,0.981510015408321,0,0,0.012326656394453,0,0,0.0061633281972265,AM,AM,AM,MIX,59.827346,0.108235332998126,0.096675275923651,0.0699783647152135,0.0377044883761926
Butomaceae,2,0,0,3,0,0,0,0,1,0,0,0,0,0,0,2,0,0,0,0,0,0,1,0,0,NM,NM,NM,NM,74.071953,0.00935775489219172,0.0054739357028721,0.00128672427206456,0
Buxaceae,122,122,0,0,0,0,1,0,0,0,0,122,0,0,0,0,0,0,1,0,0,0,0,0,0,AM,AM,AM,AM,124.728133,0.0385159380581224,0.0330241227519414,0.0206257575442671,0
Byblidaceae,7,0,0,10.5,0,0,0,0,1,0,0,0,0,0,0,7,0,0,0,0,0,0,1,0,0,NM,NM,NM,NM,43.457574,0.044777238348724,0.0318999482373289,0.0108152293371401,0
Cabombaceae,6,0,0,9,0,0,0,0,1,0,0,0,0,0,0,6,0,0,0,0,0,0,1,0,0,NM,NM,NM,NM,112.572432,0.0159165031561906,0.011128505853861,0.00360181530153106,0
Cactaceae,2233,1745,0,100.5,0,0,0.945543213221349,0,0.0544567867786508,0,0,1745,0,0,0,67,0,421,0.781459919390954,0,0,0,0.0300044782803403,0,0.188535602328706,AM,AM,AM,MIX,27.526226,0.280136523322891,0.254971451555662,0.196632059572499,0.211434531923099
Calceolariaceae,281,279,0,0,0,0,1,0,0,0,0,279,0,0,0,0,0,2,0.99288256227758,0,0,0,0,0,0.00711743772241993,AM,AM,AM,AM,38.708136,0.145663295936899,0.127848054744309,0.0869919396270198,0
Calophyllaceae,127,127,0,0,0,0,1,0,0,0,0,127,0,0,0,0,0,0,1,0,0,0,0,0,0,AM,AM,AM,AM,86.27198,0.0561501786148711,0.0482066492893715,0.0302539688174771,0
Calycanthaceae,10,10,0,0,0,0,1,0,0,0,0,10,0,0,0,0,0,0,1,0,0,0,0,0,0,AM,AM,AM,AM,108.800422,0.0211633838423352,0.0156685797803103,0.00589936945439784,0
Calyceraceae,56,56,0,0,0,0,1,0,0,0,0,56,0,0,0,0,0,0,1,0,0,0,0,0,0,AM,AM,AM,AM,49.089766,0.0819998141921302,0.0682403759527924,0.0381301914721205,0
Campanulaceae,2385,1957.5,0,7.5,414,0,0.822824716267339,0,0.00315258511979823,0.174022698612863,0,1950,0,0,15,0,414,6,0.817610062893082,0,0,0.00628930817610063,0,0.173584905660377,0.00251572327044025,AM,AM,AM,MIX,83.663676,0.0929549689320661,0.0846750556609288,0.0654780671258561,0.482908967275046
Campynemataceae,4,4,0,0,0,0,1,0,0,0,0,4,0,0,0,0,0,0,1,0,0,0,0,0,0,AM,AM,AM,AM,117.345735,0.0118137600920893,0.007808470685996,0.00223582275459343,0
Canellaceae,21,21,0,0,0,0,1,0,0,0,0,21,0,0,0,0,0,0,1,0,0,0,0,0,0,AM,AM,AM,AM,112.055662,0.0271697331788859,0.0213991442288599,0.00980416579635315,0
Cannabaceae,102,102,0,0,0,0,1,0,0,0,0,102,0,0,0,0,0,0,1,0,0,0,0,0,0,AM,AM,AM,AM,65.482177,0.0706294907282064,0.0601932004745305,0.0367572554638538,0
Cannaceae,12,12,0,0,0,0,1,0,0,0,0,12,0,0,0,0,0,0,1,0,0,0,0,0,0,AM,AM,AM,AM,67.555137,0.0367833855445812,0.0277077696830308,0.0109826932144239,0
Capparaceae,449,338.5,0,117.5,0,0,0.742324561403509,0,0.257675438596491,0,0,248,0,0,181,18,0,2,0.552338530066815,0,0,0.403118040089087,0.0400890868596882,0,0.0044543429844098,AM,AM,MIX,MIX,77.110126,0.0791987149358601,0.0702385105972258,0.0495950958648432,0.570611429125332
Caprifoliaceae,857,778,0,0,0,0,1,0,0,0,0,778,0,0,0,0,0,79,0.90781796966161,0,0,0,0,0,0.0921820303383897,AM,AM,AM,AM,91.355933,0.0739244589467198,0.0663498989050664,0.0488342647167578,0
Cardiopteridaceae,46,46,0,0,0,0,1,0,0,0,0,46,0,0,0,0,0,0,1,0,0,0,0,0,0,AM,AM,AM,AM,87.099283,0.0439572091137546,0.0362459978132095,0.0195724698702563,0
Caricaceae,47,43,0,0,0,0,1,0,0,0,0,43,0,0,0,0,0,4,0.914893617021277,0,0,0,0,0,0.0851063829787234,AM,AM,AM,AM,62.738324,0.0613683528063335,0.0506557017740535,0.0274595572196207,0
Carlemanniaceae,5,5,0,0,0,0,1,0,0,0,0,5,0,0,0,0,0,0,1,0,0,0,0,0,0,AM,AM,AM,AM,50.094505,0.0321280330534078,0.0219307943789066,0.00671674940437505,0
Caryocaraceae,26,26,0,0,0,0,1,0,0,0,0,26,0,0,0,0,0,0,1,0,0,0,0,0,0,AM,AM,AM,AM,88.073512,0.0369929217540625,0.0295513330437463,0.014224060560857,0
Caryophyllaceae,2456,876.5,0,1905.5,0,0,0.315061107117182,0,0.684938892882818,0,0,93,0,0,1567,748,0,48,0.0378664495114007,0,0,0.638029315960912,0.304560260586319,0,0.0195439739413681,NM,NM,MIX,MIX,56.971443,0.137021091238062,0.124861664324726,0.0966688169278553,0.623090455721765
Casuarinaceae,91,53.5,37.5,0,0,0,0.587912087912088,0.412087912087912,0,0,0,16,0,0,75,0,0,0,0.175824175824176,0,0,0.824175824175824,0,0,0,AM,MIX,MIX,MIX,40.509869,0.111352112901596,0.0945113250425247,0.056840102173474,0.677609468380931
Celastraceae,1168,1062,0,66,0,0,0.941489361702128,0,0.0585106382978723,0,0,996,0,0,132,0,0,40,0.852739726027397,0,0,0.113013698630137,0,0,0.0342465753424658,AM,AM,AM,MIX,88.114389,0.0801577159365898,0.0723009811815426,0.0541130576785391,0.222849672051493
Centrolepidaceae,36,18,0,18,0,0,0.5,0,0.5,0,0,0,0,0,36,0,0,0,0,0,0,1,0,0,0,MIX,MIX,MIX,MIX,53.691922,0.0667422361683404,0.0543428252034688,0.0280131040340905,0.693147180559945
Cephalotaceae,1,0,0,1.5,0,0,0,0,1,0,0,0,0,0,0,1,0,0,0,0,0,0,1,0,0,NM,NM,NM,NM,70.027114,0,0,0,0
Ceratophyllaceae,4,0,0,6,0,0,0,0,1,0,0,0,0,0,0,4,0,0,0,0,0,0,1,0,0,NM,NM,NM,NM,190.540568,0.007275586378644,0.00480890102035465,0.00137694700515163,0
Cercidiphyllaceae,2,2,0,0,0,0,1,0,0,0,0,2,0,0,0,0,0,0,1,0,0,0,0,0,0,AM,AM,AM,AM,103.553448,0.00669361758538398,0.00391551528161732,0.000920396004624828,0
Chloranthaceae,71,71,0,0,0,0,1,0,0,0,0,71,0,0,0,0,0,0,1,0,0,0,0,0,0,AM,AM,AM,AM,194.035832,0.0219685190776584,0.018468335984748,0.0107167914309757,0
Chrysobalanaceae,535,535,0,0,0,0,1,0,0,0,0,535,0,0,0,0,0,0,1,0,0,0,0,0,0,AM,AM,AM,AM,52.325787,0.120060626071348,0.106849553557806,0.0763746592834217,0
Circaeasteraceae,2,2,0,0,0,0,1,0,0,0,0,2,0,0,0,0,0,0,1,0,0,0,0,0,0,AM,AM,AM,AM,126.223926,0.00549140882022593,0.00321226823596157,0.000755088063132539,0
Cistaceae,201,0,200,0,0,0,0,1,0,0,0,0,200,0,0,0,0,1,0,0.995024875621891,0,0,0,0,0.00497512437810945,EM,EM,EM,EM,49.167296,0.107862447999155,0.0938656564892497,0.0619216976610514,0
Cleomaceae,257,125,0,124,0,0,0.502008032128514,0,0.497991967871486,0,0,1,0,0,248,0,0,8,0.00389105058365759,0,0,0.964980544747082,0,0,0.0311284046692607,AM,MIX,MIX,MIX,69.248859,0.08013238290172,0.0701789527587981,0.0473785599238199,0.693139116152209
Clethraceae,85,85,0,0,0,0,1,0,0,0,0,85,0,0,0,0,0,0,1,0,0,0,0,0,0,AM,AM,AM,AM,70.399418,0.063106363414685,0.0534265796869736,0.03182852575963,0
Clusiaceae,1047,1017,0,0,0,0,1,0,0,0,0,1017,0,0,0,0,0,30,0.97134670487106,0,0,0,0,0,0.0286532951289398,AM,AM,AM,AM,71.185027,0.0976846466725445,0.0879607966478827,0.0654584056176892,0
Colchicaceae,284,283,0,0,0,0,1,0,0,0,0,283,0,0,0,0,0,1,0.996478873239437,0,0,0,0,0,0.00352112676056338,AM,AM,AM,AM,99.207819,0.0569408167128561,0.0499894267377121,0.0340455777585739,0
Columelliaceae,8,8,0,0,0,0,1,0,0,0,0,8,0,0,0,0,0,0,1,0,0,0,0,0,0,AM,AM,AM,AM,93.547307,0.0222287696820587,0.0160782543614673,0.00567229852017194,0
Combretaceae,480,459,0,0,0,0,1,0,0,0,0,459,0,0,0,0,0,21,0.95625,0,0,0,0,0,0.04375,AM,AM,AM,AM,87.221799,0.0707826045172714,0.0628595162265091,0.0445963903643036,0
Commelinaceae,728,342,0,411.5,0,0,0.453881884538819,0,0.546118115461181,0,0,10,0,0,664,53,0,1,0.0137362637362637,0,0,0.912087912087912,0.0728021978021978,0,0.00137362637362637,NM,MIX,MIX,MIX,76.02555,0.0866853452319212,0.0775861082418833,0.0565599696312002,0.688887367298657
Asteraceae,32913,30806.5,148,247,0,0,0.987340352226656,0.00474336169735429,0.00791628607598994,0,0,30574,2,0,971,107,0,1259,0.928933855923191,6.07662625710206e-05,0,0.0295020204782305,0.0032509950475496,0,0.0382523622884575,AM,AM,AM,MIX,49.089766,0.211889846765324,0.197770472110121,0.164989813015059,0.0762665332850015
Connaraceae,267,255,0,0,0,0,1,0,0,0,0,255,0,0,0,0,0,12,0.955056179775281,0,0,0,0,0,0.0449438202247191,AM,AM,AM,AM,61.578127,0.0907343066540535,0.0795386290322034,0.0538797773554091,0
Convolvulaceae,1296,1017.5,0,259.5,0,0,0.796789350039154,0,0.203210649960846,0,0,1016,0,0,3,172,0,105,0.783950617283951,0,0,0.00231481481481481,0.132716049382716,0,0.0810185185185185,AM,AM,MIX,MIX,56.240507,0.127435513284264,0.115124531216557,0.0866168085355765,0.504821244289363
Coriariaceae,16,16,0,0,0,0,1,0,0,0,0,16,0,0,0,0,0,0,1,0,0,0,0,0,0,AM,AM,AM,AM,34.313702,0.0808012123623321,0.0623676851741695,0.0267033481806817,0
Cornaceae,124,120,0,0,0,0,1,0,0,0,0,120,0,0,0,0,0,4,0.967741935483871,0,0,0,0,0,0.032258064516129,AM,AM,AM,AM,NA,NA,NA,NA,0
Corsiaceae,27,27,0,0,0,0,1,0,0,0,0,27,0,0,0,0,0,0,1,0,0,0,0,0,0,AM,AM,AM,AM,117.345735,0.0280865501077166,0.022489588817312,0.0109158960524817,0
Corynocarpaceae,5,5,0,0,0,0,1,0,0,0,0,5,0,0,0,0,0,0,1,0,0,0,0,0,0,AM,AM,AM,AM,34.313702,0.0469036512712648,0.0320167229017758,0.00980576903713895,0
Costaceae,139,139,0,0,0,0,1,0,0,0,0,139,0,0,0,0,0,0,1,0,0,0,0,0,0,AM,AM,AM,AM,70.332801,0.0701589281668263,0.0604056028146719,0.0383125247744657,0
Crassulaceae,1481,567.5,0,940,0,0,0.376451077943615,0,0.623548922056385,0,0,1,0,0,1133,249,0,98,0.000675219446320054,0,0,0.765023632680621,0.168129642133693,0,0.0661715057393653,NM,NM,MIX,MIX,89.629776,0.0814514231773579,0.0737255064131376,0.0558290618281302,0.662299996258066
Ctenolophonaceae,2,2,0,0,0,0,1,0,0,0,0,2,0,0,0,0,0,0,1,0,0,0,0,0,0,AM,AM,AM,AM,96.64388,0.00717217873040637,0.0041954556057576,0.000986199848395211,0
Cucurbitaceae,965,904,0,0,0,0,1,0,0,0,0,904,0,0,0,0,0,61,0.936787564766839,0,0,0,0,0,0.0632124352331606,AM,AM,AM,AM,73.384899,0.0936449895684804,0.0842137379469933,0.0623946652927667,0
Cunoniaceae,245,228.5,0,0.5,0,0,0.997816593886463,0,0.00218340611353712,0,0,228,0,0,1,0,0,16,0.930612244897959,0,0,0.00408163265306122,0,0,0.0653061224489796,AM,AM,AM,MIX,82.577537,0.0666193060534698,0.0582747382665629,0.0391722651406337,0.0155584643791379
Cupressaceae,166,160,0,0,0,0,1,0,0,0,0,160,0,0,0,0,0,6,0.963855421686747,0,0,0,0,0,0.036144578313253,AM,AM,AM,AM,158.616807,0.0322285379780501,0.0278964550828262,0.0180447515938804,0
Curtisiaceae,1,1,0,0,0,0,1,0,0,0,0,1,0,0,0,0,0,0,1,0,0,0,0,0,0,AM,AM,AM,AM,43.585557,0,0,0,0
Cycadaceae,92,92,0,0,0,0,1,0,0,0,0,92,0,0,0,0,0,0,1,0,0,0,0,0,0,AM,AM,AM,AM,158.290082,0.0285664680939962,0.024255798367666,0.0146094777046563,0
Cyclanthaceae,231,65.5,0,215.5,0,0,0.233096085409253,0,0.766903914590747,0,0,0,0,0,131,100,0,0,0,0,0,0.567099567099567,0.432900432900433,0,0,NM,NM,MIX,MIX,50.317102,0.108162384044331,0.0944726544685814,0.0631605101253237,0.542990397626669
Cymodoceaceae,16,0,0,24,0,0,0,0,1,0,0,0,0,0,0,16,0,0,0,0,0,0,1,0,0,NM,NM,NM,NM,32.71356,0.0847535004517937,0.0654183208277017,0.0280095083468187,0
Cynomoriaceae,1,0,0,1.5,0,0,0,0,1,0,0,0,0,0,0,1,0,0,0,0,0,0,1,0,0,NM,NM,NM,NM,NA,NA,NA,NA,0
Cyperaceae,5784,2793,0,2956.5,0,0,0.485781372293243,0,0.514218627706757,0,0,114,0,0,5415,185,0,70,0.0197095435684647,0,0,0.936203319502075,0.031984785615491,0,0.0121023513139696,NM,MIX,MIX,MIX,48.67957,0.177956599942,0.163721176236105,0.130687688451286,0.692742787297975
Cyrillaceae,8,8,0,0,0,0,1,0,0,0,0,8,0,0,0,0,0,0,1,0,0,0,0,0,0,AM,AM,AM,AM,65.093448,0.0319454815433934,0.0231064330280411,0.0081517920369216,0
Cytinaceae,11,8,0,0,0,0,1,0,0,0,0,8,0,0,0,0,0,3,0.727272727272727,0,0,0,0,0,0.272727272727273,AM,AM,AM,AM,48.376105,0.0495677622826056,0.037038109397771,0.0143282965951877,0
Daphniphyllaceae,34,34,0,0,0,0,1,0,0,0,0,34,0,0,0,0,0,0,1,0,0,0,0,0,0,AM,AM,AM,AM,104.099331,0.0338749585683328,0.0274949017773176,0.014011761734564,0
Dasypogonaceae,16,8,0,8,0,0,0.5,0,0.5,0,0,0,0,0,16,0,0,0,0,0,0,1,0,0,0,MIX,MIX,MIX,MIX,115.611843,0.023981874609851,0.01851078668036,0.00792557845370699,0.693147180559945
Datiscaceae,2,2,0,0,0,0,1,0,0,0,0,2,0,0,0,0,0,0,1,0,0,0,0,0,0,AM,AM,AM,AM,37.004215,0.0187315737020754,0.0109572681952087,0.00257565738941699,0
Degeneriaceae,2,2,0,0,0,0,1,0,0,0,0,2,0,0,0,0,0,0,1,0,0,0,0,0,0,AM,AM,AM,AM,53.387417,0.0129833436324508,0.00759476915896052,0.00178525549951827,0
Diapensiaceae,12,0,0,0,0,7,0,0,0,0,1,0,0,7,0,0,0,5,0,0,0.583333333333333,0,0,0,0.416666666666667,ER,ER,ER,ER,72.52854,0.0342610874255569,0.0258078016860892,0.01022959161634,0
Dichapetalaceae,196,196,0,0,0,0,1,0,0,0,0,196,0,0,0,0,0,0,1,0,0,0,0,0,0,AM,AM,AM,AM,55.900687,0.0944194954031695,0.0821109148117991,0.0540319815057794,0
Dilleniaceae,219,166,0,0,0,0,1,0,0,0,0,166,0,0,0,0,0,53,0.757990867579909,0,0,0,0,0,0.242009132420091,AM,AM,AM,AM,118.158222,0.0456089439955901,0.0397812381248629,0.0264624880354106,0
Dioscoreaceae,653,633,0,0,0,0,1,0,0,0,0,633,0,0,0,0,0,20,0.96937212863706,0,0,0,0,0,0.0306278713629403,AM,AM,AM,AM,110.048574,0.0588974204179732,0.0526127687115442,0.0380984533515442,0
Dipentodontaceae,21,21,0,0,0,0,1,0,0,0,0,21,0,0,0,0,0,0,1,0,0,0,0,0,0,AM,AM,AM,AM,90.302246,0.0337148030373843,0.0265541044549254,0.0121659464446555,0
Dipterocarpaceae,147,0,145,0,0,0,0,1,0,0,0,0,145,0,0,0,0,2,0,0.986394557823129,0,0,0,0,0.0136054421768707,EM,EM,EM,EM,42.020699,0.118761293970353,0.102427260746047,0.065378991297967,0
Dirachmaceae,2,2,0,0,0,0,1,0,0,0,0,2,0,0,0,0,0,0,1,0,0,0,0,0,0,AM,AM,AM,AM,57.92395,0.0119665040205294,0.00699995611673866,0.00164543646979056,0
Doryanthaceae,2,2,0,0,0,0,1,0,0,0,0,2,0,0,0,0,0,0,1,0,0,0,0,0,0,AM,AM,AM,AM,114.083568,0.00607578455610667,0.00355410612778314,0.000835441786010102,0
Droseraceae,189,0,0,283.5,0,0,0,0,1,0,0,0,0,0,0,189,0,0,0,0,0,0,1,0,0,NM,NM,NM,NM,75.877453,0.0690817470515206,0.0600162065482159,0.0393487369390284,0
Drosophyllaceae,1,0,0,1.5,0,0,0,0,1,0,0,0,0,0,0,1,0,0,0,0,0,0,1,0,0,NM,NM,NM,NM,62.052853,0,0,0,0
Ebenaceae,751,751,0,0,0,0,1,0,0,0,0,751,0,0,0,0,0,0,1,0,0,0,0,0,0,AM,AM,AM,AM,79.644274,0.0831372466495725,0.0744509158736244,0.0543759535090537,0
Ecdeiocoleaceae,3,3,0,0,0,0,1,0,0,0,0,3,0,0,0,0,0,0,1,0,0,0,0,0,0,AM,AM,AM,AM,49.553379,0.0221702800260727,0.0139878893134602,0.00367929615443489,0
Elaeagnaceae,108,107,0,0,0,0,1,0,0,0,0,107,0,0,0,0,0,1,0.990740740740741,0,0,0,0,0,0.00925925925925926,AM,AM,AM,AM,57.923953,0.0808323842663884,0.0690249973386519,0.0424623789368055,0
Elaeocarpaceae,644,644,0,0,0,0,1,0,0,0,0,644,0,0,0,0,0,0,1,0,0,0,0,0,0,AM,AM,AM,AM,81.5244,0.0793345148949806,0.0708512192206974,0.0512606291647947,0
Elatinaceae,57,28,0,43.5,0,0,0.391608391608392,0,0.608391608391608,0,0,28,0,0,0,29,0,0,0.491228070175439,0,0,0,0.508771929824561,0,0,NM,NM,MIX,MIX,93.861101,0.0430748331817943,0.0358753071731651,0.0201049170415376,0.669462105755592
Emblingiaceae,1,0,0,1.5,0,0,0,0,1,0,0,0,0,0,0,1,0,0,0,0,0,0,1,0,0,NM,NM,NM,NM,NA,NA,NA,NA,0
Ephedraceae,70,70,0,0,0,0,1,0,0,0,0,70,0,0,0,0,0,0,1,0,0,0,0,0,0,AM,AM,AM,AM,261.824806,0.0162264810082562,0.0136332868952126,0.00789406775870188,0
Ericaceae,3554,16,162,1.5,0,3198,0.00473723168023686,0.0479644707623982,0.000444115470022206,0,0.946854182087343,16,162,3198,0,1,0,177,0.00450196961170512,0.0455824423185143,0.899831176139561,0,0.00028137310073157,0,0.0498030388294879,ER,ER,ER,MIX,65.093448,0.125601412429629,0.114957240576308,0.090266735795157,0.226173521174299
Eriocaulaceae,1206,1164,0,60,0,0,0.950980392156863,0,0.0490196078431373,0,0,1164,0,0,0,40,0,2,0.965174129353234,0,0,0,0.033167495854063,0,0.00165837479270315,AM,AM,AM,MIX,82.039617,0.0864833922528811,0.0780445627938217,0.0585072729286462,0.195618357627422
Erythroxylaceae,267,267,0,0,0,0,1,0,0,0,0,267,0,0,0,0,0,0,1,0,0,0,0,0,0,AM,AM,AM,AM,89.428533,0.0624772482670631,0.0547682002113454,0.037100192314718,0
Escalloniaceae,55,55,0,0,0,0,1,0,0,0,0,55,0,0,0,0,0,0,1,0,0,0,0,0,0,AM,AM,AM,AM,97.414613,0.0411368793841276,0.0342064132634311,0.0190556419945499,0
Eucommiaceae,1,1,0,0,0,0,1,0,0,0,0,1,0,0,0,0,0,0,1,0,0,0,0,0,0,AM,AM,AM,AM,76.404063,0,0,0,0
Euphorbiaceae,6547,6484.5,0,4.5,0,0,0.999306518723994,0,0.000693481276005548,0,0,6480,0,0,9,0,0,58,0.989766305177944,0,0,0.00137467542385826,0,0,0.00885901939819765,AM,AM,AM,MIX,99.985196,0.0878806319331623,0.0809496613671796,0.064865111099744,0.00573747537935255
Euphroniaceae,4,3,0,0,0,0,1,0,0,0,0,3,0,0,0,0,0,1,0.75,0,0,0,0,0,0.25,AM,AM,AM,AM,52.325787,0.026493521466192,0.0175112651793303,0.00501405290793793,0
Eupomatiaceae,3,3,0,0,0,0,1,0,0,0,0,3,0,0,0,0,0,0,1,0,0,0,0,0,0,AM,AM,AM,AM,70.05683,0.0156817299422213,0.00989407000801985,0.00260248082583746,0
Eupteleaceae,2,2,0,0,0,0,1,0,0,0,0,2,0,0,0,0,0,0,1,0,0,0,0,0,0,AM,AM,AM,AM,133.019922,0.00521085240570165,0.00304815325412809,0.000716510567524802,0
Fagaceae,1101,0,1101,0,0,0,0,1,0,0,0,0,1101,0,0,0,0,0,0,1,0,0,0,0,0,EM,EM,EM,EM,62.305399,0.112413598967927,0.101303176136516,0.0755878347125637,0
Flagellariaceae,4,4,0,0,0,0,1,0,0,0,0,4,0,0,0,0,0,0,1,0,0,0,0,0,0,AM,AM,AM,AM,61.67186,0.0224785560403057,0.0148575173810901,0.00425419736760803,0
Fouquieriaceae,12,12,0,0,0,0,1,0,0,0,0,12,0,0,0,0,0,0,1,0,0,0,0,0,0,AM,AM,AM,AM,83.882361,0.0296237089677054,0.0223146100632717,0.00884497450816122,0
Frankeniaceae,73,0,0,109.5,0,0,0,0,1,0,0,0,0,0,0,73,0,0,0,0,0,0,1,0,0,NM,NM,NM,NM,49.422973,0.0868110350453501,0.073061527736185,0.0425740101525298,0
Garryaceae,25,25,0,0,0,0,1,0,0,0,0,25,0,0,0,0,0,0,1,0,0,0,0,0,0,AM,AM,AM,AM,76.404063,0.0421296420436201,0.0335708502499604,0.0160171512295376,0
Gelsemiaceae,13,13,0,0,0,0,1,0,0,0,0,13,0,0,0,0,0,0,1,0,0,0,0,0,0,AM,AM,AM,AM,46.338847,0.0553520323339408,0.04199306359641,0.0170150405417785,0
Gentianaceae,1682,1572,0,16.5,0,0,0.98961284230406,0,0.0103871576959396,0,0,1572,0,0,0,11,0,99,0.934601664684899,0,0,0,0.00653983353151011,0,0.058858501783591,AM,AM,AM,MIX,52.028837,0.142761961804622,0.129451019895579,0.0986085899998982,0.0577730949913432
Geraniaceae,841,841,0,0,0,0,1,0,0,0,0,841,0,0,0,0,0,0,1,0,0,0,0,0,0,AM,AM,AM,AM,73.98946,0.0910209597417382,0.0816688327456692,0.0600443800575152,0
Gesneriaceae,3122,2896,0,0,0,0,1,0,0,0,0,2896,0,0,0,0,0,226,0.927610506085842,0,0,0,0,0,0.0723894939141576,AM,AM,AM,AM,40.96756,0.196404889651114,0.179493291197307,0.140270072914578,0
Ginkgoaceae,2,2,0,0,0,0,1,0,0,0,0,2,0,0,0,0,0,0,1,0,0,0,0,0,0,AM,AM,AM,AM,268.100082,0.00258540458245718,0.00151236472993009,0.000355502240407091,0
Gisekiaceae,7,3.5,0,3.5,0,0,0.5,0,0.5,0,0,0,0,0,7,0,0,0,0,0,0,1,0,0,0,MIX,MIX,MIX,MIX,42.548454,0.0457339801125398,0.032581544822284,0.0110463150845795,0.693147180559945
Gnetaceae,41,0,41,0,0,0,0,1,0,0,0,0,41,0,0,0,0,0,0,1,0,0,0,0,0,EM,EM,EM,EM,87.108282,0.0426316761327506,0.0349510100282247,0.0184762903765465,0
Gomortegaceae,1,1,0,0,0,0,1,0,0,0,0,1,0,0,0,0,0,0,1,0,0,0,0,0,0,AM,AM,AM,AM,97.712362,0,0,0,0
Goodeniaceae,329,183.5,142.5,0,0,0,0.562883435582822,0.437116564417178,0,0,0,41,0,0,285,0,0,3,0.124620060790274,0,0,0.866261398176292,0,0,0.00911854103343465,AM,MIX,MIX,MIX,56.194186,0.103143370575123,0.0908625222171664,0.0626481323617531,0.68521754564967
Goupiaceae,2,2,0,0,0,0,1,0,0,0,0,2,0,0,0,0,0,0,1,0,0,0,0,0,0,AM,AM,AM,AM,89.784771,0.00772009743790453,0.00451596750308763,0.00106154060140472,0
Grossulariaceae,195,194,0,0,0,0,1,0,0,0,0,194,0,0,0,0,0,1,0.994871794871795,0,0,0,0,0,0.00512820512820513,AM,AM,AM,AM,76.154516,0.0692407993055034,0.0602061140887636,0.0395975847427114,0
Grubbiaceae,3,3,0,0,0,0,1,0,0,0,0,3,0,0,0,0,0,0,1,0,0,0,0,0,0,AM,AM,AM,AM,43.585557,0.0252058792931821,0.0159031392109993,0.00418307277325731,0
Gunneraceae,69,69,0,0,0,0,1,0,0,0,0,69,0,0,0,0,0,0,1,0,0,0,0,0,0,AM,AM,AM,AM,100.100512,0.0422985499274695,0.0355177809828726,0.020520611659764,0
Gyrostemonaceae,17,0,0,25.5,0,0,0,0,1,0,0,0,0,0,0,17,0,0,0,0,0,0,1,0,0,NM,NM,NM,NM,35.752468,0.0792452522174474,0.0614565846849012,0.0267257478568315,0
Haemodoraceae,101,0,0,151.5,0,0,0,0,1,0,0,0,0,0,0,101,0,0,0,0,0,0,1,0,0,NM,NM,NM,NM,65.640753,0.0703087686523227,0.0598991549156105,0.0365305875269038,0
Halophytaceae,1,0,0,1.5,0,0,0,0,1,0,0,0,0,0,0,1,0,0,0,0,0,0,1,0,0,NM,NM,NM,NM,22.340991,0,0,0,0
Haloragaceae,92,68,0,22,0,0,0.755555555555556,0,0.244444444444444,0,0,46,0,0,44,0,0,2,0.5,0,0,0.478260869565217,0,0,0.0217391304347826,AM,AM,MIX,MIX,54.464106,0.0830232773314785,0.0704950947435603,0.0424598069019477,0.556149026709618
Hamamelidaceae,99,99,0,0,0,0,1,0,0,0,0,99,0,0,0,0,0,0,1,0,0,0,0,0,0,AM,AM,AM,AM,103.553448,0.0443743780519466,0.0377778150412543,0.0229789174584527,0
Hanguanaceae,10,10,0,0,0,0,1,0,0,0,0,10,0,0,0,0,0,0,1,0,0,0,0,0,0,AM,AM,AM,AM,76.02555,0.0302869902683249,0.022423357571743,0.00844260759931884,0
Haptanthaceae,1,1,0,0,0,0,1,0,0,0,0,1,0,0,0,0,0,0,1,0,0,0,0,0,0,AM,AM,AM,AM,NA,NA,NA,NA,0
Heliconiaceae,204,204,0,0,0,0,1,0,0,0,0,204,0,0,0,0,0,0,1,0,0,0,0,0,0,AM,AM,AM,AM,67.516712,0.0787674612152946,0.0685735821758984,0.0453029625126795,0
Helwingiaceae,4,4,0,0,0,0,1,0,0,0,0,4,0,0,0,0,0,0,1,0,0,0,0,0,0,AM,AM,AM,AM,61.299113,0.0226152434068645,0.0149478628161252,0.00428006624610524,0
Hernandiaceae,51,51,0,0,0,0,1,0,0,0,0,51,0,0,0,0,0,0,1,0,0,0,0,0,0,AM,AM,AM,AM,93.864112,0.0418884869727881,0.0347107799626494,0.0190888661390421,0
Himantandraceae,1,1,0,0,0,0,1,0,0,0,0,1,0,0,0,0,0,0,1,0,0,0,0,0,0,AM,AM,AM,AM,53.387417,0,0,0,0
Huaceae,4,4,0,0,0,0,1,0,0,0,0,4,0,0,0,0,0,0,1,0,0,0,0,0,0,AM,AM,AM,AM,109.900127,0.012614128836447,0.00833748565071408,0.00238729719090762,0
Humiriaceae,63,63,0,0,0,0,1,0,0,0,0,63,0,0,0,0,0,0,1,0,0,0,0,0,0,AM,AM,AM,AM,89.784771,0.0461451834230499,0.0386004871895227,0.0219868136214549,0
Hydnoraceae,10,10,0,0,0,0,1,0,0,0,0,10,0,0,0,0,0,0,1,0,0,0,0,0,0,AM,AM,AM,AM,99.687854,0.023097950257752,0.0171008605746335,0.0064386368089777,0
Hydrangeaceae,237,208.5,0,0.5,0,0,0.997607655502392,0,0.00239234449760766,0,0,208,0,0,1,0,0,28,0.877637130801688,0,0,0.00421940928270042,0,0,0.118143459915612,AM,AM,AM,MIX,71.443813,0.0765365104622164,0.0668934550443371,0.0448288845240989,0.0168284313522677
Hydrocharitaceae,133,58.5,0,87.5,0,0,0.400684931506849,0,0.599315068493151,0,0,10,0,0,97,26,0,0,0.075187969924812,0,0,0.729323308270677,0.195488721804511,0,0,NM,MIX,MIX,MIX,74.071953,0.0660216037266056,0.0567649757984775,0.0358197922040373,0.673288405665705
Hydroleaceae,11,5.5,0,5.5,0,0,0.5,0,0.5,0,0,0,0,0,11,0,0,0,0,0,0,1,0,0,0,MIX,MIX,MIX,MIX,54.300777,0.0441595020417179,0.0329969397901628,0.0127649587879736,0.693147180559945
Hypericaceae,584,582,0,0,0,0,1,0,0,0,0,582,0,0,0,0,0,2,0.996575342465753,0,0,0,0,0,0.00342465753424658,AM,AM,AM,AM,71.185027,0.0894837194179645,0.0797704925597894,0.0573520791950206,0
Hypoxidaceae,154,152,0,0,0,0,1,0,0,0,0,152,0,0,0,0,0,2,0.987012987012987,0,0,0,0,0,0.012987012987013,AM,AM,AM,AM,39.770192,0.126651452988048,0.109385389347864,0.0701823392708971,0
Icacinaceae,212,194,0,0,0,0,1,0,0,0,0,194,0,0,0,0,0,18,0.915094339622642,0,0,0,0,0,0.0849056603773585,AM,AM,AM,AM,59.490052,0.0900417144478544,0.0784693377835588,0.0520352143669955,0
Iridaceae,2315,2109.5,0,186.5,0,0,0.918771777003484,0,0.0812282229965157,0,0,1923,0,0,373,0,0,19,0.830669546436285,0,0,0.161123110151188,0,0,0.008207343412527,AM,AM,AM,MIX,97.875013,0.0791536545340774,0.0720761044305858,0.0556675279826298,0.281758917903643
Irvingiaceae,11,11,0,0,0,0,1,0,0,0,0,11,0,0,0,0,0,0,1,0,0,0,0,0,0,AM,AM,AM,AM,71.618597,0.0334814611461653,0.0250180755318071,0.00967831275108538,0
Iteaceae,19,19,0,0,0,0,1,0,0,0,0,19,0,0,0,0,0,0,1,0,0,0,0,0,0,AM,AM,AM,AM,84.996376,0.0346419355475396,0.0270903913949701,0.012113686084465,0
Ixioliriaceae,4,4,0,0,0,0,1,0,0,0,0,4,0,0,0,0,0,0,1,0,0,0,0,0,0,AM,AM,AM,AM,77.419167,0.0179063456097363,0.0118354506691367,0.00338887997164179,0
Ixonanthaceae,20,20,0,0,0,0,1,0,0,0,0,20,0,0,0,0,0,0,1,0,0,0,0,0,0,AM,AM,AM,AM,87.55776,0.0342143548847525,0.0268551326251777,0.012160095655627,0
Joinvilleaceae,4,4,0,0,0,0,1,0,0,0,0,4,0,0,0,0,0,0,1,0,0,0,0,0,0,AM,AM,AM,AM,53.862516,0.0257376458448374,0.0170116585692758,0.00487099905372952,0
Juglandaceae,89,39,41,0,0,0,0.4875,0.5125,0,0,0,39,41,0,0,0,0,9,0.438202247191011,0.460674157303371,0,0,0,0,0.101123595505618,EM,MIX,MIX,MIX,46.992299,0.0955185523000724,0.0810060918656123,0.0485692854839157,0.692834647999721
Juncaceae,506,252,0,252,0,0,0.5,0,0.5,0,0,0,0,0,504,0,0,2,0,0,0,0.99604743083004,0,0,0.00395256916996047,MIX,MIX,MIX,MIX,48.67957,0.127908620994135,0.113710203747306,0.0809699388813354,0.693147180559945
Juncaginaceae,35,0.5,0,51.5,0,0,0.00961538461538462,0,0.990384615384615,0,0,0,0,0,1,34,0,0,0,0,0,0.0285714285714286,0.971428571428571,0,0,NM,NM,NM,MIX,63.488798,0.0559996121125086,0.0455256966417314,0.0233364717493032,0.0542266127216372
Kirkiaceae,5,5,0,0,0,0,1,0,0,0,0,5,0,0,0,0,0,0,1,0,0,0,0,0,0,AM,AM,AM,AM,67.636712,0.0237953304476732,0.0162428399634227,0.00497469830616859,0
Koeberliniaceae,2,0,0,3,0,0,0,0,1,0,0,0,0,0,0,2,0,0,0,0,0,0,1,0,0,NM,NM,NM,NM,63.989197,0.0108322531467295,0.00633646188915551,0.00148947297782663,0
Krameriaceae,25,25,0,0,0,0,1,0,0,0,0,25,0,0,0,0,0,0,1,0,0,0,0,0,0,AM,AM,AM,AM,83.605805,0.0385006259418015,0.0306790821218878,0.0146374457087294,0
Lacistemataceae,13,13,0,0,0,0,1,0,0,0,0,13,0,0,0,0,0,0,1,0,0,0,0,0,0,AM,AM,AM,AM,91.360478,0.0280750430997256,0.0212992553416294,0.00863017989424563,0
Lactoridaceae,1,1,0,0,0,0,1,0,0,0,0,1,0,0,0,0,0,0,1,0,0,0,0,0,0,AM,AM,AM,AM,99.687854,0,0,0,0
Lamiaceae,7886,7800,0,40,0,0,0.994897959183674,0,0.00510204081632653,0,0,7760,0,0,80,0,0,46,0.984022318031955,0,0,0.0101445599797109,0,0,0.00583312198833376,AM,AM,AM,MIX,41.394588,0.216763706270916,0.200021894959748,0.161165991885115,0.0320181596390344
Lanariaceae,1,1,0,0,0,0,1,0,0,0,0,1,0,0,0,0,0,0,1,0,0,0,0,0,0,AM,AM,AM,AM,39.770192,0,0,0,0
Lardizabalaceae,37,30,0,0,0,0,1,0,0,0,0,30,0,0,0,0,0,7,0.810810810810811,0,0,0,0,0,0.189189189189189,AM,AM,AM,AM,126.223926,0.0286072381605705,0.0233271066150045,0.0120900716041351,0
Lauraceae,2978,2862.5,0,31,0,0,0.989286331432521,0,0.0107136685674788,0,0,2860,0,0,5,19,0,94,0.960376091336467,0,0,0.00167897918065816,0.00638012088650101,0,0.0315648085963734,AM,AM,AM,MIX,90.236337,0.0886450789025706,0.0809673354998146,0.063161248724248,0.0592557885979848
Lecythidaceae,341,339,0,2,0,0,0.994134897360704,0,0.00586510263929619,0,0,337,0,0,4,0,0,0,0.988269794721408,0,0,0.0117302052785924,0,0,0,AM,AM,AM,MIX,75.501572,0.0772418682525381,0.0681000861346657,0.0470897223370318,0.0359870791512806
Fabaceae,24505,20302.5,1558.5,1147,0,0,0.882410465924896,0.0677373087621697,0.0498522253129346,0,0,18823,266,0,3041,640,0,1735,0.768128953274842,0.0108549275658029,0,0.124097123036115,0.0261171189553152,0,0.0708018771679249,AM,AM,AM,MIX,69.419194,0.145588444275853,0.135604082120997,0.112424448041086,0.442236056160734
Lentibulariaceae,312,118.5,0,228,0,0,0.341991341991342,0,0.658008658008658,0,0,0,0,0,237,73,0,2,0,0,0,0.759615384615385,0.233974358974359,0,0.00641025641025641,NM,NM,MIX,MIX,42.32815,0.135678105180819,0.119378144567627,0.0819515152477954,0.642347496177513
Lepidobotryaceae,2,2,0,0,0,0,1,0,0,0,0,2,0,0,0,0,0,0,1,0,0,0,0,0,0,AM,AM,AM,AM,88.114389,0.00786644710842795,0.00460157657233672,0.00108166419680133,0
Liliaceae,746,662,0,0,0,0,1,0,0,0,0,662,0,0,0,0,0,84,0.887399463806971,0,0,0,0,0,0.112600536193029,AM,AM,AM,AM,79.090892,0.0836344796845098,0.0748874852059182,0.0546729534451954,0
Limnanthaceae,9,0,0,13.5,0,0,0,0,1,0,0,0,0,0,0,9,0,0,0,0,0,0,1,0,0,NM,NM,NM,NM,77.696066,0.0282797404097167,0.0207145354365059,0.00756520497321086,0
Linaceae,213,189,0,0,0,0,1,0,0,0,0,189,0,0,0,0,0,24,0.887323943661972,0,0,0,0,0,0.112676056338028,AM,AM,AM,AM,103.308771,0.0518958082049919,0.0452316757738015,0.0300080260259628,0
Linderniaceae,164,70,0,91,0,0,0.434782608695652,0,0.565217391304348,0,0,0,0,0,140,14,0,10,0,0,0,0.853658536585366,0.0853658536585366,0,0.0609756097560976,NM,MIX,MIX,MIX,32.922517,0.154905119430091,0.134035872571366,0.0865883523274886,0.684616277801305
Loasaceae,314,3,0,459,0,0,0.00649350649350649,0,0.993506493506494,0,0,0,0,0,6,304,0,4,0,0,0,0.0191082802547771,0.968152866242038,0,0.0127388535031847,NM,NM,NM,MIX,71.443813,0.0804743300292252,0.0708168453756197,0.0486405622027566,0.0391798623289367
Loganiaceae,351,345,0,0,0,0,1,0,0,0,0,345,0,0,0,0,0,6,0.982905982905983,0,0,0,0,0,0.0170940170940171,AM,AM,AM,AM,46.338847,0.126476738263813,0.111579901740718,0.0773329327433656,0
Loranthaceae,886,0,0,1312.5,0,0,0,0,1,0,0,0,0,0,0,875,0,11,0,0,0,0,0.987584650112867,0,0.0124153498871332,NM,NM,NM,NM,40.491799,0.167607197462505,0.150516844207135,0.110991330004399,0
Lowiaceae,17,17,0,0,0,0,1,0,0,0,0,17,0,0,0,0,0,0,1,0,0,0,0,0,0,AM,AM,AM,AM,65.2459,0.0434236226959275,0.0336760559259083,0.014644773771646,0
Lythraceae,604,555,0,42,0,0,0.92964824120603,0,0.0703517587939698,0,0,513,0,0,84,0,0,7,0.849337748344371,0,0,0.139072847682119,0,0,0.0115894039735099,AM,AM,AM,MIX,86.492896,0.0740358398675287,0.0660410454688775,0.0475851778964849,0.254547888774222
Magnoliaceae,250,248,0,0,0,0,1,0,0,0,0,248,0,0,0,0,0,2,0.992,0,0,0,0,0,0.008,AM,AM,AM,AM,87.356745,0.0632058911748858,0.055316916382036,0.0372523377411268,0
Malpighiaceae,1301,1291,0,0,0,0,1,0,0,0,0,1291,0,0,0,0,0,10,0.992313604919293,0,0,0,0,0,0.00768639508070715,AM,AM,AM,AM,93.861101,0.076398938453881,0.0690223060797952,0.0519405512108914,0
Malvaceae,4465,4355.5,48,13.5,0,0,0.986076522526602,0.0108671043694815,0.00305637310391669,0,0,4342,48,0,27,0,0,48,0.972452407614782,0.0107502799552072,0,0.00604703247480403,0,0,0.0107502799552072,AM,AM,AM,MIX,76.972639,0.109181971704395,0.100179769747016,0.0792938000872755,0.0806653107211767
Marantaceae,569,425.5,0,143.5,0,0,0.74780316344464,0,0.25219683655536,0,0,282,0,0,287,0,0,0,0.495606326889279,0,0,0.504393673110721,0,0,0,AM,AM,MIX,MIX,67.555137,0.0939067066672714,0.0836722332495403,0.0600544822472691,0.564735771681924
Marcgraviaceae,137,136,0,0,0,0,1,0,0,0,0,136,0,0,0,0,0,1,0.992700729927007,0,0,0,0,0,0.0072992700729927,AM,AM,AM,AM,45.042083,0.109230759284115,0.0940033458176714,0.0595225919883477,0
Martyniaceae,21,21,0,0,0,0,1,0,0,0,0,21,0,0,0,0,0,0,1,0,0,0,0,0,0,AM,AM,AM,AM,31.120642,0.0978296796616028,0.0770516004392959,0.0353017231671541,0
Melanthiaceae,181,177,0,0,0,0,1,0,0,0,0,177,0,0,0,0,0,4,0.977900552486188,0,0,0,0,0,0.0220994475138122,AM,AM,AM,AM,85.865624,0.0605422378490585,0.0525339396184537,0.0342912430143924,0
Melastomataceae,4079,4016,0,0,0,0,1,0,0,0,0,4016,0,0,0,0,0,63,0.98455503799951,0,0,0,0,0,0.0154449620004903,AM,AM,AM,AM,65.427441,0.127066059932216,0.116475670916707,0.091906789368233,0
Meliaceae,669,664,0,0,0,0,1,0,0,0,0,664,0,0,0,0,0,5,0.992526158445441,0,0,0,0,0,0.00747384155455904,AM,AM,AM,AM,53.582456,0.121416309475031,0.108508100707908,0.078692962393257,0
Melianthaceae,20,20,0,0,0,0,1,0,0,0,0,20,0,0,0,0,0,0,1,0,0,0,0,0,0,AM,AM,AM,AM,109.43428,0.0273747154324403,0.0214866425507938,0.00972922503800846,0
Menispermaceae,448,446,0,0,0,0,1,0,0,0,0,446,0,0,0,0,0,2,0.995535714285714,0,0,0,0,0,0.00446428571428571,AM,AM,AM,AM,127.972536,0.0477039326032813,0.0423049810248529,0.0298665511942356,0
Menyanthaceae,55,23.5,0,25,0,0,0.484536082474227,0,0.515463917525773,0,0,0,0,0,47,1,0,7,0,0,0,0.854545454545454,0.0181818181818182,0,0.127272727272727,NM,MIX,MIX,MIX,72.430186,0.0553268382499041,0.0460057428290354,0.0256287894989753,0.69266883879431
Misodendraceae,8,0,0,12,0,0,0,0,1,0,0,0,0,0,0,8,0,0,0,0,0,0,1,0,0,NM,NM,NM,NM,37.510831,0.0554357631181201,0.0400971494546808,0.0141460009526894,0
Mitrastemonaceae,2,0,0,3,0,0,0,0,1,0,0,0,0,0,0,2,0,0,0,0,0,0,1,0,0,NM,NM,NM,NM,91.169344,0.00760285365835193,0.00444738428860653,0.00104541916857847,0
Molluginaceae,103,35.5,0,87,0,0,0.289795918367347,0,0.710204081632653,0,0,10,0,0,51,41,0,1,0.0970873786407767,0,0,0.495145631067961,0.398058252427184,0,0.00970873786407767,NM,NM,MIX,MIX,49.611464,0.0934205245027568,0.0796437637595502,0.0486966838612352,0.601968850000803
Monimiaceae,134,134,0,0,0,0,1,0,0,0,0,134,0,0,0,0,0,0,1,0,0,0,0,0,0,AM,AM,AM,AM,90.236337,0.0542779102386538,0.0466788406745553,0.0294810231189444,0
Montiaceae,113,64.5,0,18.5,0,0,0.77710843373494,0,0.22289156626506,0,0,46,0,0,37,0,0,30,0.407079646017699,0,0,0.327433628318584,0,0,0.265486725663717,AM,AM,MIX,MIX,22.340991,0.211601527376845,0.180970095186671,0.111966203815185,0.530543433353579
Montiniaceae,4,4,0,0,0,0,1,0,0,0,0,4,0,0,0,0,0,0,1,0,0,0,0,0,0,AM,AM,AM,AM,62.968517,0.0220156742951385,0.0145515691893165,0.00416659430723914,0
Moraceae,1217,1205.5,0,5.5,0,0,0.995458298926507,0,0.00454170107349298,0,0,1200,0,0,11,0,0,6,0.986031224322104,0,0,0.00903861955628595,0,0,0.00493015612161052,AM,AM,AM,MIX,65.482177,0.10848973596262,0.0979169991203851,0.0734387163625014,0.0290313678390551
Moringaceae,13,13,0,0,0,0,1,0,0,0,0,13,0,0,0,0,0,0,1,0,0,0,0,0,0,AM,AM,AM,AM,62.738324,0.0408832941960888,0.031016291558176,0.012567395972584,0
Muntingiaceae,3,3,0,0,0,0,1,0,0,0,0,3,0,0,0,0,0,0,1,0,0,0,0,0,0,AM,AM,AM,AM,48.376105,0.0227098128025832,0.0143282965951878,0.00376883498152558,0
Musaceae,78,78,0,0,0,0,1,0,0,0,0,78,0,0,0,0,0,0,1,0,0,0,0,0,0,AM,AM,AM,AM,83.500472,0.0521758586788538,0.0440273040840665,0.025907913738027,0
Myodocarpaceae,15,15,0,0,0,0,1,0,0,0,0,15,0,0,0,0,0,0,1,0,0,0,0,0,0,AM,AM,AM,AM,73.389673,0.036899608492631,0.028334252718088,0.0119290453488449,0
Myricaceae,53,41,0,11,0,0,0.788461538461538,0,0.211538461538462,0,0,30,0,0,22,0,0,1,0.566037735849057,0,0,0.415094339622642,0,0,0.0188679245283019,AM,AM,MIX,MIX,46.992299,0.0844881395045627,0.0701356804442432,0.0388265594762888,0.515987896741837
Myristicaceae,170,165,0,0,0,0,1,0,0,0,0,165,0,0,0,0,0,5,0.970588235294118,0,0,0,0,0,0.0294117647058824,AM,AM,AM,AM,70.05683,0.0733090326389342,0.0634986820834273,0.0411780080949525,0
Myrothamnaceae,2,2,0,0,0,0,1,0,0,0,0,2,0,0,0,0,0,0,1,0,0,0,0,0,0,AM,AM,AM,AM,100.100512,0.00692451184025857,0.00405057976235091,0.000952144778283701,0
Myrtaceae,5970,4964,989,0,0,0,0.833865278011087,0.166134721988913,0,0,0,3976,1,0,1976,0,0,17,0.665996649916248,0.00016750418760469,0,0.330988274706868,0,0,0.00284757118927973,AM,AM,AM,MIX,72.545041,0.119849711111014,0.110297305035461,0.0881304004761243,0.449704057391645
Nartheciaceae,36,32.5,0,3.5,0,0,0.902777777777778,0,0.0972222222222222,0,0,29,0,0,7,0,0,0,0.805555555555556,0,0,0.194444444444444,0,0,0,AM,AM,AM,MIX,123.899355,0.0289228215793061,0.0235495231761641,0.0121395094976586,0.318936346979894
Nelumbonaceae,2,0,0,3,0,0,0,0,1,0,0,0,0,0,0,2,0,0,0,0,0,0,1,0,0,NM,NM,NM,NM,120.700469,0.005742704948064,0.00335926704732327,0.000789642166214987,0
Nepenthaceae,7,3.5,0,3.5,0,0,0.5,0,0.5,0,0,0,0,0,7,0,0,0,0,0,0,1,0,0,0,MIX,MIX,MIX,MIX,75.684769,0.025710723237529,0.0183166888059061,0.00621001603698804,0.693147180559945
Neuradaceae,7,7,0,0,0,0,1,0,0,0,0,7,0,0,0,0,0,0,1,0,0,0,0,0,0,AM,AM,AM,AM,75.241753,0.025862105433074,0.0184245356580128,0.00624657999722223,0
Nitrariaceae,12,12,0,0,0,0,1,0,0,0,0,12,0,0,0,0,0,0,1,0,0,0,0,0,0,AM,AM,AM,AM,73.834066,0.033655286569048,0.0253514709172537,0.010048713079534,0
Nothofagaceae,38,0,38,0,0,0,0,1,0,0,0,0,38,0,0,0,0,0,0,1,0,0,0,0,0,EM,EM,EM,EM,82.105499,0.0443038067368227,0.0361780209821233,0.0188484635933583,0
Nyctaginaceae,450,133,141,133,0,0,0.326781326781327,0.346437346437346,0.326781326781327,0,0,0,141,0,290,0,0,19,0,0.313333333333333,0,0.644444444444444,0,0,0.0422222222222222,MIX,MIX,MIX,MIX,36.017721,0.169617827367933,0.150434841753112,0.106238401842984,1.09822838777599
Nymphaeaceae,70,24.5,0,51.5,0,0,0.322368421052632,0,0.677631578947368,0,0,0,0,0,49,18,0,3,0,0,0,0.7,0.257142857142857,0,0.0428571428571429,NM,NM,MIX,MIX,112.572432,0.0377401035632717,0.0317087641535662,0.0183602923269258,0.628641834036584
Ochnaceae,560,406.5,0,137.5,0,0,0.747242647058823,0,0.252757352941176,0,0,269,0,0,275,0,0,16,0.480357142857143,0,0,0.491071428571429,0,0,0.0285714285714286,AM,AM,MIX,MIX,88.073512,0.0718483530409142,0.0639985121174997,0.0458854796335621,0.565344181165266
Olacaceae,149,143,0,5,0,0,0.966216216216216,0,0.0337837837837838,0,0,138,0,0,10,0,0,1,0.926174496644295,0,0,0.0671140939597315,0,0,0.00671140939597315,AM,AM,AM,MIX,115.161,0.0434517441316545,0.0374908876575951,0.023966533288465,0.147658410998323
Oleaceae,688,688,0,0,0,0,1,0,0,0,0,688,0,0,0,0,0,0,1,0,0,0,0,0,0,AM,AM,AM,AM,50.094505,0.130429252428651,0.116621455595853,0.084723869769079,0
Onagraceae,832,711.5,0,45.5,0,0,0.939894319682959,0,0.060105680317041,0,0,666,0,0,91,0,0,75,0.800480769230769,0,0,0.109375,0,0,0.0901442307692308,AM,AM,AM,MIX,88.200521,0.0762334775870679,0.0683883314204788,0.05024921073855,0.227258206669195
Oncothecaceae,1,1,0,0,0,0,1,0,0,0,0,1,0,0,0,0,0,0,1,0,0,0,0,0,0,AM,AM,AM,AM,59.490052,0,0,0,0
Opiliaceae,33,16.5,0,16.5,0,0,0.5,0,0.5,0,0,0,0,0,33,0,0,0,0,0,0,1,0,0,0,MIX,MIX,MIX,MIX,39.907478,0.0876153477166981,0.0709945475395919,0.0359602910835238,0.693147180559945
Orchidaceae,27801,89,0,0,26952,0,0.00329129839872786,0,0,0.996708701601272,0,89,0,0,0,0,26952,760,0.00320132369339232,0,0,0,0,0.969461530160786,0.0273371461458221,OM,OM,OM,MIX,123.864155,0.082613305441391,0.0770175686337754,0.0640263186248997,0.022100495022711
Orobanchaceae,1613,644,0,1116.5,0,0,0.365805168986084,0,0.634194831013916,0,0,0,0,0,1288,315,0,10,0,0,0,0.798512089274644,0.195288282703038,0,0.00619962802231866,NM,NM,MIX,MIX,42.145904,0.175244813306774,0.158813147495186,0.120743172140318,0.656685316842445
Oxalidaceae,601,596,0,0,0,0,1,0,0,0,0,596,0,0,0,0,0,5,0.991680532445923,0,0,0,0,0,0.00831946755407654,AM,AM,AM,AM,61.578127,0.103910190943859,0.0926808031161597,0.0667586700740883,0
Paeoniaceae,36,36,0,0,0,0,1,0,0,0,0,36,0,0,0,0,0,0,1,0,0,0,0,0,0,AM,AM,AM,AM,96.105048,0.0372875204063798,0.0303602234513663,0.0156503474903449,0
Pandaceae,17,17,0,0,0,0,1,0,0,0,0,17,0,0,0,0,0,0,1,0,0,0,0,0,0,AM,AM,AM,AM,71.618597,0.0395597437360609,0.0306795255614435,0.013341666620856,0
Pandanaceae,1062,685,0,377,0,0,0.645009416195857,0,0.354990583804143,0,0,308,0,0,754,0,0,0,0.290018832391714,0,0,0.709981167608286,0,0,0,AM,AM,MIX,MIX,50.317102,0.138479938725443,0.124723065286669,0.0928861717324997,0.650481386474648
Papaveraceae,920,418,0,542,0,0,0.435416666666667,0,0.564583333333333,0,0,2,0,0,832,84,0,2,0.00217391304347826,0,0,0.904347826086957,0.091304347826087,0,0.00217391304347826,NM,MIX,MIX,MIX,132.882466,0.0513564646673782,0.0461483974544494,0.0341017425566124,0.684781814070594
Paracryphiaceae,29,29,0,0,0,0,1,0,0,0,0,29,0,0,0,0,0,0,1,0,0,0,0,0,0,AM,AM,AM,AM,96.625831,0.0348488162548012,0.028026151734749,0.013816192346458,0
Passifloraceae,932,920,0,0,0,0,1,0,0,0,0,920,0,0,0,0,0,12,0.987124463519313,0,0,0,0,0,0.0128755364806867,AM,AM,AM,AM,89.031943,0.0767964012049652,0.0690230698468234,0.0510418833226108,0
Paulowniaceae,20,14.5,0,5.5,0,0,0.725,0,0.275,0,0,9,0,0,11,0,0,0,0.45,0,0,0.55,0,0,0,AM,AM,MIX,MIX,28.181348,0.106301950976724,0.0834372882788814,0.0377806887375447,0.588168777354191
Pedaliaceae,67,46,0,15,0,0,0.754098360655738,0,0.245901639344262,0,0,31,0,0,30,0,0,6,0.462686567164179,0,0,0.447761194029851,0,0,0.0895522388059701,AM,AM,MIX,MIX,35.447619,0.118617067605894,0.0994808854331277,0.0572153590144457,0.557787679664598
Penaeaceae,45,45,0,0,0,0,1,0,0,0,0,45,0,0,0,0,0,0,1,0,0,0,0,0,0,AM,AM,AM,AM,65.42744,0.0581814371733071,0.0479232293962464,0.0257751022135396,0
Pentadiplandraceae,1,0,0,1.5,0,0,0,0,1,0,0,0,0,0,0,1,0,0,0,0,0,0,1,0,0,NM,NM,NM,NM,39.269562,0,0,0,0
Pentaphragmataceae,2,2,0,0,0,0,1,0,0,0,0,2,0,0,0,0,0,0,1,0,0,0,0,0,0,AM,AM,AM,AM,82.90316,0.00836092593527129,0.00489082814344066,0.00114965677791202,0
Pentaphylacaceae,429,428,0,0,0,0,1,0,0,0,0,428,0,0,0,0,0,1,0.997668997668998,0,0,0,0,0,0.00233100233100233,AM,AM,AM,AM,71.825161,0.0843918319783233,0.0747737694333559,0.0526226988531554,0
Peridiscaceae,9,9,0,0,0,0,1,0,0,0,0,9,0,0,0,0,0,0,1,0,0,0,0,0,0,AM,AM,AM,AM,104.099331,0.0211069999800116,0.0154605980362554,0.00564640194375619,0
Petermanniaceae,1,1,0,0,0,0,1,0,0,0,0,1,0,0,0,0,0,0,1,0,0,0,0,0,0,AM,AM,AM,AM,85.865624,0,0,0,0
Petrosaviaceae,4,4,0,0,0,0,1,0,0,0,0,4,0,0,0,0,0,0,1,0,0,0,0,0,0,AM,AM,AM,AM,157.362255,0.00880957356082556,0.00582281139701611,0.00166726299434061,0
Philesiaceae,2,2,0,0,0,0,1,0,0,0,0,2,0,0,0,0,0,0,1,0,0,0,0,0,0,AM,AM,AM,AM,41.644148,0.0166445278352182,0.00973642462581212,0.00228868122849638,0
Philydraceae,6,6,0,0,0,0,1,0,0,0,0,6,0,0,0,0,0,0,1,0,0,0,0,0,0,AM,AM,AM,AM,100.894032,0.0177588251129468,0.0124166211188326,0.0040187224166853,0
Phrymaceae,199,194,0,0,0,0,1,0,0,0,0,194,0,0,0,0,0,5,0.974874371859296,0,0,0,0,0,0.0251256281407035,AM,AM,AM,AM,34.21217,0.15471993810169,0.134606199664859,0.0887097482184635,0
Phyllanthaceae,2099,2038.5,30.5,0,0,0,0.985258579023683,0.0147414209763171,0,0,0,2008,0,0,61,0,0,30,0.956646021915198,0,0,0.0290614578370653,0,0,0.014292520247737,AM,AM,AM,MIX,102.347155,0.0747379477213669,0.067970091041139,0.0522819595392486,0.0767981862154284
Phyllonomaceae,5,5,0,0,0,0,1,0,0,0,0,5,0,0,0,0,0,0,1,0,0,0,0,0,0,AM,AM,AM,AM,61.299113,0.0262554845195574,0.0179221563722808,0.00548902292633848,0
Phytolaccaceae,62,15.5,0,62,0,0,0.2,0,0.8,0,0,0,0,0,31,31,0,0,0,0,0,0.5,0.5,0,0,NM,NM,MIX,MIX,36.496204,0.113083935662051,0.0945300378590493,0.0537068124686959,0.500402423538188
Picramniaceae,48,45,0,0,0,0,1,0,0,0,0,45,0,0,0,0,0,3,0.9375,0,0,0,0,0,0.0625,AM,AM,AM,AM,112.392827,0.0344434882032809,0.0284597620945212,0.0154855627471716,0
Picrodendraceae,96,96,0,0,0,0,1,0,0,0,0,96,0,0,0,0,0,0,1,0,0,0,0,0,0,AM,AM,AM,AM,90.251095,0.0505738815852355,0.0430084953312028,0.0260537033613108,0
Pinaceae,255,0,255,0,0,0,0,1,0,0,0,0,255,0,0,0,0,0,0,1,0,0,0,0,0,EM,EM,EM,EM,266.716212,0.0207758782400465,0.0181917335565624,0.0122728348067281,0
Piperaceae,2658,1318.5,0,1313.5,0,0,0.500949848024316,0,0.499050151975684,0,0,5,0,0,2627,0,0,26,0.0018811136192626,0,0,0.988337095560572,0,0,0.00978179082016554,AM,MIX,MIX,MIX,105.089022,0.0750347570964471,0.0684425268576871,0.0531561177835299,0.693145376136321
Pittosporaceae,170,165,0,0,0,0,1,0,0,0,0,165,0,0,0,0,0,5,0.970588235294118,0,0,0,0,0,0.0294117647058824,AM,AM,AM,AM,76.238753,0.067364669999918,0.0583498050649217,0.0378390332912018,0
Plantaginaceae,1614,1068.5,0,519,0,0,0.673070866141732,0,0.326929133858268,0,0,644,0,0,849,63,0,58,0.399008674101611,0,0,0.526022304832714,0.0390334572490706,0,0.0359355638166047,AM,AM,MIX,MIX,32.922517,0.224359238658147,0.203324158207491,0.154588620138629,0.631982534708073
Platanaceae,9,9,0,0,0,0,1,0,0,0,0,9,0,0,0,0,0,0,1,0,0,0,0,0,0,AM,AM,AM,AM,94.810769,0.0231748418508895,0.0169752648291894,0.00619957702170013,0
Plocospermataceae,1,1,0,0,0,0,1,0,0,0,0,1,0,0,0,0,0,0,1,0,0,0,0,0,0,AM,AM,AM,AM,61.394514,0,0,0,0
Plumbaginaceae,635,315,0,328,0,0,0.489891135303266,0,0.510108864696734,0,0,17,0,0,596,20,0,2,0.0267716535433071,0,0,0.938582677165354,0.031496062992126,0,0.0031496062992126,NM,MIX,MIX,MIX,59.102373,0.1091940081474,0.0974927247469434,0.0704728663451518,0.692942788343259
Poaceae,11554,10773,0,515,0,0,0.954376328844791,0,0.0456236711552091,0,0,10267,0,0,1012,6,0,269,0.888610005193007,0,0,0.087588713865328,0.000519300675090878,0,0.0232819802665743,AM,AM,AM,MIX,49.553379,0.188782019816271,0.174795877030879,0.142330970631386,0.185421976925549
Podocarpaceae,191,189,0,0,0,0,1,0,0,0,0,189,0,0,0,0,0,2,0.989528795811518,0,0,0,0,0,0.0104712041884817,AM,AM,AM,AM,197.536807,0.0265888342927737,0.0231063175556332,0.0151654383760187,0
Podostemaceae,250,0,0,354,0,0,0,0,1,0,0,0,0,0,0,236,0,14,0,0,0,0,0.944,0,0.056,NM,NM,NM,NM,79.297611,0.0696295997853232,0.0609388567654559,0.0410383481629162,0
Polemoniaceae,455,424,0,19,0,0,0.957110609480813,0,0.0428893905191874,0,0,405,0,0,38,0,0,12,0.89010989010989,0,0,0.0835164835164835,0,0,0.0263736263736264,AM,AM,AM,MIX,78.663657,0.0778033675570276,0.0690197460430099,0.0487810967043168,0.177020502274227
Polygalaceae,1163,1137,0,0,0,0,1,0,0,0,0,1137,0,0,0,0,0,26,0.977644024075666,0,0,0,0,0,0.0223559759243336,AM,AM,AM,AM,72.048799,0.0979719058539569,0.0883633112015016,0.0661202121792885,0
Polygonaceae,1384,550,179,677.5,0,0,0.391041592605759,0.127266263775329,0.481692143618912,0,0,0,179,0,1100,85,0,20,0,0.129335260115607,0,0.794797687861272,0.0614161849710983,0,0.0144508670520231,MIX,MIX,MIX,MIX,59.102373,0.122376357649423,0.110660670732485,0.083526762635838,0.9813732544775
Pontederiaceae,33,16.5,0,16.5,0,0,0.5,0,0.5,0,0,0,0,0,33,0,0,0,0,0,0,1,0,0,0,MIX,MIX,MIX,MIX,65.640753,0.0532673286283977,0.0431624138141166,0.0218627066220481,0.693147180559945
Portulacaceae,258,94.5,0,212.5,0,0,0.307817589576547,0,0.692182410423453,0,0,38,0,0,113,104,0,3,0.147286821705426,0,0,0.437984496124031,0.403100775193798,0,0.0116279069767442,NM,NM,MIX,MIX,35.215387,0.157685604446761,0.138112379146638,0.0932735331122786,0.617343327757648
Posidoniaceae,10,0,0,15,0,0,0,0,1,0,0,0,0,0,0,10,0,0,0,0,0,0,1,0,0,NM,NM,NM,NM,59.265778,0.0388518495951246,0.0287644598580723,0.0108300929783187,0
Potamogetonaceae,186,18.5,0,250.5,0,0,0.0687732342007435,0,0.931226765799256,0,0,17,0,0,3,166,0,0,0.0913978494623656,0,0,0.0161290322580645,0.89247311827957,0,0,NM,NM,NM,MIX,53.82555,0.097086730627243,0.0843086867908389,0.0551859565869685,0.250454063114659
Primulaceae,2788,2614,0,0,0,0,1,0,0,0,0,2614,0,0,0,0,0,174,0.937589670014347,0,0,0,0,0,0.0624103299856528,AM,AM,AM,AM,72.52854,0.109378732453189,0.0998267882831716,0.0776758721491969,0
Proteaceae,1252,6,0,1867.5,0,0,0.00320256204963971,0,0.99679743795036,0,0,6,0,0,0,1245,0,1,0.00479233226837061,0,0,0,0.994408945686901,0,0.000798722044728434,NM,NM,NM,MIX,94.810769,0.0752287701796833,0.0679263425691244,0.0510182049358852,0.021592317552723
Putranjivaceae,216,216,0,0,0,0,1,0,0,0,0,216,0,0,0,0,0,0,1,0,0,0,0,0,0,AM,AM,AM,AM,72.809952,0.0738261495857622,0.0643696369004682,0.042762221697528,0
Quillajaceae,2,2,0,0,0,0,1,0,0,0,0,2,0,0,0,0,0,0,1,0,0,0,0,0,0,AM,AM,AM,AM,71.798121,0.00965411310081423,0.00564729414169717,0.00132747457004237,0
Rafflesiaceae,22,0,0,33,0,0,0,0,1,0,0,0,0,0,0,22,0,0,0,0,0,0,1,0,0,NM,NM,NM,NM,NA,NA,NA,NA,0
Ranunculaceae,2377,2361,0,9,0,0,0.99620253164557,0,0.00379746835443038,0,0,2358,0,0,6,4,0,9,0.992006731173748,0,0,0.00252419015565839,0.0016827934371056,0,0.00378628523348759,AM,AM,AM,MIX,124.400456,0.0624884724486878,0.0569199512957636,0.0440093926156011,0.0249551373971423
Rapateaceae,95,87,0,0,0,0,1,0,0,0,0,87,0,0,0,0,0,8,0.91578947368421,0,0,0,0,0,0.0842105263157895,AM,AM,AM,AM,77.520363,0.0587442668657336,0.0499378596938187,0.0302089117687352,0
Resedaceae,51,0,0,75,0,0,0,0,1,0,0,0,0,0,0,50,0,1,0,0,0,0,0.980392156862745,0,0.0196078431372549,NM,NM,NM,NM,35.752468,0.109973544559898,0.0911292763906951,0.0501156862577446,0
Restionaceae,482,227,0,248,0,0,0.477894736842105,0,0.522105263157895,0,0,0,0,0,454,14,0,14,0,0,0,0.941908713692946,0.029045643153527,0,0.029045643153527,NM,MIX,MIX,MIX,53.691922,0.115062822933599,0.102191712807238,0.0725222508294725,0.692169576630022
Rhamnaceae,839,756,70,4,0,0,0.910843373493976,0.0843373493975904,0.00481927710843374,0,0,752,70,0,8,0,0,9,0.896305125148987,0.0834326579261025,0,0.00953516090584029,0,0,0.0107270560190703,AM,AM,AM,MIX,77.092391,0.087326526251692,0.078350854512703,0.0575970661332564,0.31933036973081
Rhipogonaceae,6,6,0,0,0,0,1,0,0,0,0,6,0,0,0,0,0,0,1,0,0,0,0,0,0,AM,AM,AM,AM,41.644148,0.0430254802962485,0.0300825693083064,0.00973642462581212,0
Rhizophoraceae,142,76,0,63,0,1,0.542857142857143,0,0.45,0,0.00714285714285714,13,0,1,126,0,0,2,0.0915492957746479,0,0.00704225352112676,0.887323943661972,0,0,0.0140845070422535,AM,MIX,MIX,MIX,89.428533,0.0554166203039612,0.0477442411998412,0.030356024556736,0.726262268149106
Roridulaceae,2,0,0,3,0,0,0,0,1,0,0,0,0,0,0,2,0,0,0,0,0,0,1,0,0,NM,NM,NM,NM,70.184411,0.00987608459889968,0.00577713914430605,0.00135799643320117,0
Rosaceae,4828,4774.5,20,0.5,0,0,0.995724713242961,0.00417101147028154,0.000104275286757039,0,0,4766,12,0,17,0,0,33,0.987158243579122,0.00248550124275062,0,0.00352112676056338,0,0,0.00683512841756421,AM,AM,AM,MIX,89.277089,0.0950096791598729,0.0872480004955538,0.0692390953722622,0.0280776408938508
Rousseaceae,14,14,0,0,0,0,1,0,0,0,0,14,0,0,0,0,0,0,1,0,0,0,0,0,0,AM,AM,AM,AM,83.023094,0.0317870269881204,0.0242691873244602,0.010032258288701,0
Rubiaceae,13673,12347.5,0,770.5,0,0,0.941263912181735,0,0.058736087818265,0,0,11577,0,0,1541,0,0,555,0.846705185401887,0,0,0.112703868938784,0,0,0.0405909456593286,AM,AM,AM,MIX,58.804917,0.161945273459175,0.150159285454204,0.122800127178598,0.223475567404511
Ruppiaceae,8,4,0,4,0,0,0.5,0,0.5,0,0,0,0,0,8,0,0,0,0,0,0,1,0,0,0,MIX,MIX,MIX,MIX,59.265778,0.035086716345474,0.0253785143388529,0.0089533668327474,0.693147180559945
Rutaceae,1730,1685.5,0,9.5,0,0,0.994395280235988,0,0.0056047197640118,0,0,1676,0,0,19,0,0,35,0.96878612716763,0,0,0.0109826589595376,0,0,0.0202312138728324,AM,AM,AM,MIX,50.000536,0.149115935227011,0.135264697454769,0.103168502460858,0.0346446706818171
Sabiaceae,116,115,0,0,0,0,1,0,0,0,0,115,0,0,0,0,0,1,0.991379310344828,0,0,0,0,0,0.00862068965517241,AM,AM,AM,AM,128.901098,0.0368778099245234,0.0315670449466444,0.0195943144278589,0
Salicaceae,1269,938,325,0,0,0,0.742676167854315,0.257323832145685,0,0,0,613,0,0,650,0,0,6,0.483057525610717,0,0,0.512214342001576,0,0,0.00472813238770686,AM,AM,MIX,MIX,91.360478,0.0782174592794314,0.0706391334652681,0.0530915188725636,0.570239076091581
Salvadoraceae,8,2.5,0,7,0,0,0.263157894736842,0,0.736842105263158,0,0,0,0,0,5,3,0,0,0,0,0,0.625,0.375,0,0,NM,NM,MIX,MIX,57.232018,0.0363335352193913,0.026280348821114,0.009271527889549,0.57633412775675
Santalaceae,992,488,0,488.5,0,0,0.499743983614951,0,0.500256016385049,0,0,1,0,0,974,1,0,16,0.00100806451612903,0,0,0.981854838709677,0.00100806451612903,0,0.0161290322580645,NM,MIX,MIX,MIX,39.90748,0.172892979142879,0.155549372786386,0.115421211420044,0.693147049471161
Sapindaceae,1751,1706,0,0,0,0,1,0,0,0,0,1706,0,0,0,0,0,45,0.974300399771559,0,0,0,0,0,0.0256996002284409,AM,AM,AM,AM,68.662556,0.108762952726168,0.09867628713001,0.0753028185411296,0
Sapotaceae,1343,1232.5,0,22.5,0,0,0.98207171314741,0,0.0179282868525896,0,0,1210,0,0,45,0,0,88,0.900967982129561,0,0,0.0335070737155622,0,0,0.0655249441548771,AM,AM,AM,MIX,68.030559,0.105873908760962,0.095696087702633,0.0721257510703222,0.0898629802513463
Sarcobataceae,2,0,0,3,0,0,0,0,1,0,0,0,0,0,0,2,0,0,0,0,0,0,1,0,0,NM,NM,NM,NM,36.017721,0.0192446151870615,0.0112573782252399,0.00264620240143248,0
Sarcolaenaceae,69,0,69,0,0,0,0,1,0,0,0,0,69,0,0,0,0,0,0,1,0,0,0,0,0,EM,EM,EM,EM,42.020699,0.100762400563524,0.0846094459658897,0.048883616469482,0
Sarraceniaceae,32,0,0,48,0,0,0,0,1,0,0,0,0,0,0,32,0,0,0,0,0,0,1,0,0,NM,NM,NM,NM,79.322713,0.043691595656842,0.0353412065079838,0.0177879313546709,0
Saururaceae,7,7,0,0,0,0,1,0,0,0,0,7,0,0,0,0,0,0,1,0,0,0,0,0,0,AM,AM,AM,AM,114.203193,0.0170390170181609,0.0121388406462496,0.0041155034014306,0
Saxifragaceae,775,340,0,441.5,0,0,0.435060780550224,0,0.564939219449776,0,0,8,0,0,664,73,0,30,0.0103225806451613,0,0,0.856774193548387,0.0941935483870968,0,0.0387096774193548,NM,MIX,MIX,MIX,76.154516,0.0873600592426239,0.0782751391870611,0.0572759720166347,0.684689102725379
Scheuchzeriaceae,1,0.5,0,0.5,0,0,0.5,0,0.5,0,0,0,0,0,1,0,0,0,0,0,0,1,0,0,0,MIX,MIX,MIX,MIX,81.543689,0,0,0,0.693147180559945
Schisandraceae,73,73,0,0,0,0,1,0,0,0,0,73,0,0,0,0,0,0,1,0,0,0,0,0,0,AM,AM,AM,AM,158.653132,0.0270430176011173,0.0227598274747216,0.0132624810348541,0
Schlegeliaceae,43,43,0,0,0,0,1,0,0,0,0,43,0,0,0,0,0,0,1,0,0,0,0,0,0,AM,AM,AM,AM,NA,NA,NA,NA,0
Schoepfiaceae,51,31,0,0,0,0,1,0,0,0,0,31,0,0,0,0,0,20,0.607843137254902,0,0,0,0,0,0.392156862745098,AM,AM,AM,AM,40.345726,0.0974533370083445,0.080754440706346,0.0444101432014894,0
Sciadopityaceae,1,1,0,0,0,0,1,0,0,0,0,1,0,0,0,0,0,0,1,0,0,0,0,0,0,AM,AM,AM,AM,218.914802,0,0,0,0
Scrophulariaceae,1576,1470.5,0,64.5,0,0,0.957980456026059,0,0.0420195439739414,0,0,1406,0,0,129,0,0,41,0.892131979695431,0,0,0.0818527918781726,0,0,0.0260152284263959,AM,AM,AM,MIX,40.96756,0.179718911021741,0.162814978641713,0.123652826610063,0.174310096460736
Simaroubaceae,121,117,0,0,0,0,1,0,0,0,0,117,0,0,0,0,0,4,0.966942148760331,0,0,0,0,0,0.0330578512396694,AM,AM,AM,AM,50.000536,0.0959147827054642,0.082216595921558,0.0512984372299836,0
Simmondsiaceae,2,2,0,0,0,0,1,0,0,0,0,2,0,0,0,0,0,0,1,0,0,0,0,0,0,AM,AM,AM,AM,83.298423,0.0083212521389504,0.0048676204603317,0.00114420149111736,0
Siparunaceae,61,61,0,0,0,0,1,0,0,0,0,61,0,0,0,0,0,0,1,0,0,0,0,0,0,AM,AM,AM,AM,89.030833,0.0461735976813034,0.0385707635071228,0.0218565870214346,0
Sladeniaceae,3,3,0,0,0,0,1,0,0,0,0,3,0,0,0,0,0,0,1,0,0,0,0,0,0,AM,AM,AM,AM,76.588099,0.0143444256093641,0.00905032491484017,0.00238054683657776,0
Smilacaceae,261,248,0,0,0,0,1,0,0,0,0,248,0,0,0,0,0,13,0.950191570881226,0,0,0,0,0,0.0498084291187739,AM,AM,AM,AM,80.587892,0.0690490875145697,0.0604954069676019,0.0408974199995742,0
Solanaceae,2678,2557,0,0,0,0,1,0,0,0,0,2557,0,0,0,0,0,121,0.954817027632562,0,0,0,0,0,0.0451829723674384,AM,AM,AM,AM,56.240507,0.140340582744944,0.128022524565518,0.0994584831111399,0
Sphaerosepalaceae,20,20,0,0,0,0,1,0,0,0,0,20,0,0,0,0,0,0,1,0,0,0,0,0,0,AM,AM,AM,AM,67.188807,0.0445867757936823,0.0349965323415175,0.0158465492175271,0
Sphenocleaceae,2,0,0,3,0,0,0,0,1,0,0,0,0,0,0,2,0,0,0,0,0,0,1,0,0,NM,NM,NM,NM,54.300777,0.0127649587879736,0.00746702221421554,0.00175522681386907,0
Stachyuraceae,7,7,0,0,0,0,1,0,0,0,0,7,0,0,0,0,0,0,1,0,0,0,0,0,0,AM,AM,AM,AM,44.332045,0.0438939856948921,0.0312707063506746,0.0106018937147099,0
Staphyleaceae,30,30,0,0,0,0,1,0,0,0,0,30,0,0,0,0,0,0,1,0,0,0,0,0,0,AM,AM,AM,AM,49.897625,0.0681635124249332,0.0549292681550515,0.0272753773979343,0
Stegnospermataceae,5,5,0,0,0,0,1,0,0,0,0,5,0,0,0,0,0,0,1,0,0,0,0,0,0,AM,AM,AM,AM,59.659673,0.0269769817952924,0.0184146548820023,0.00563986055741896,0
Stemonaceae,36,36,0,0,0,0,1,0,0,0,0,36,0,0,0,0,0,0,1,0,0,0,0,0,0,AM,AM,AM,AM,81.120592,0.0441752069370513,0.0359683116228279,0.0185412527164037,0
Stemonuraceae,71,71,0,0,0,0,1,0,0,0,0,71,0,0,0,0,0,0,1,0,0,0,0,0,0,AM,AM,AM,AM,87.099283,0.0489404703485483,0.0411429212161954,0.0238743818554722,0
Stilbaceae,38,38,0,0,0,0,1,0,0,0,0,38,0,0,0,0,0,0,1,0,0,0,0,0,0,AM,AM,AM,AM,34.21217,0.106324333116736,0.0868233282358208,0.0452342692298095,0
Strelitziaceae,7,7,0,0,0,0,1,0,0,0,0,7,0,0,0,0,0,0,1,0,0,0,0,0,0,AM,AM,AM,AM,65.2459,0.0298242517775878,0.0212472256665919,0.00720357339305206,0
Stylidiaceae,31,31,0,0,0,0,1,0,0,0,0,31,0,0,0,0,0,0,1,0,0,0,0,0,0,AM,AM,AM,AM,78.737994,0.0436128358119607,0.0352128442875974,0.0176064221437987,0
Styracaceae,133,133,0,0,0,0,1,0,0,0,0,133,0,0,0,0,0,0,1,0,0,0,0,0,0,AM,AM,AM,AM,78.817246,0.0620466887186309,0.0533473679020828,0.0336632158475471,0
Surianaceae,6,6,0,0,0,0,1,0,0,0,0,6,0,0,0,0,0,0,1,0,0,0,0,0,0,AM,AM,AM,AM,69.419194,0.0258107213003374,0.0180463485141497,0.0058408213167696,0
Symplocaceae,210,208,0,0,0,0,1,0,0,0,0,208,0,0,0,0,0,2,0.990476190476191,0,0,0,0,0,0.00952380952380952,AM,AM,AM,AM,75.501572,0.0708211417203005,0.0617034960929836,0.0408797665407875,0
Tamaricaceae,79,39.5,0,39.5,0,0,0.5,0,0.5,0,0,0,0,0,79,0,0,0,0,0,0,1,0,0,0,MIX,MIX,MIX,MIX,49.422973,0.0884092475065598,0.0746389630205762,0.0440028510928341,0.693147180559945
Tapisciaceae,6,6,0,0,0,0,1,0,0,0,0,6,0,0,0,0,0,0,1,0,0,0,0,0,0,AM,AM,AM,AM,90.302246,0.0198418040369456,0.0138729990004387,0.00449008885236547,0
Taxaceae,31,31,0,0,0,0,1,0,0,0,0,31,0,0,0,0,0,0,1,0,0,0,0,0,0,AM,AM,AM,AM,158.616807,0.0216495796973466,0.0174797915471832,0.00873989577359157,0
Tecophilaeaceae,26,26,0,0,0,0,1,0,0,0,0,26,0,0,0,0,0,0,1,0,0,0,0,0,0,AM,AM,AM,AM,77.419167,0.0420838490553829,0.0336181566697092,0.0161815609369107,0
Tetrachondraceae,3,3,0,0,0,0,1,0,0,0,0,3,0,0,0,0,0,0,1,0,0,0,0,0,0,AM,AM,AM,AM,52.896014,0.0207692830818615,0.0131039586566947,0.0034467919793343,0
Tetramelaceae,1,1,0,0,0,0,1,0,0,0,0,1,0,0,0,0,0,0,1,0,0,0,0,0,0,AM,AM,AM,AM,37.004215,0,0,0,0
Tetrameristaceae,2,2,0,0,0,0,1,0,0,0,0,2,0,0,0,0,0,0,1,0,0,0,0,0,0,AM,AM,AM,AM,63.299512,0.0109502768451034,0.00640550132690066,0.00150570165223904,0
Theaceae,370,364,0,0,0,0,1,0,0,0,0,364,0,0,0,0,0,6,0.983783783783784,0,0,0,0,0,0.0162162162162162,AM,AM,AM,AM,68.030559,0.0869242160076661,0.0767751281015858,0.053431151610681,0
Thurniaceae,4,4,0,0,0,0,1,0,0,0,0,4,0,0,0,0,0,0,1,0,0,0,0,0,0,AM,AM,AM,AM,56.708725,0.0244458742657305,0.0161578439979766,0.00462652377508912,0
Thymelaeaceae,938,936.5,0,0.5,0,0,0.999466382070438,0,0.000533617929562433,0,0,936,0,0,1,0,0,1,0.997867803837953,0,0,0.00106609808102345,0,0,0.00106609808102345,AM,AM,AM,MIX,75.241753,0.090956811559218,0.0817587051520227,0.0604812330753648,0.00455472977927581
Ticodendraceae,1,0,1,0,0,0,0,1,0,0,0,0,1,0,0,0,0,0,0,1,0,0,0,0,0,EM,EM,EM,EM,32.795215,0,0,0,0
Tofieldiaceae,29,11.5,0,6.5,0,0,0.638888888888889,0,0.361111111111111,0,0,5,0,0,13,0,0,11,0.172413793103448,0,0,0.448275862068966,0,0,0.379310344827586,AM,AM,MIX,MIX,140.998142,0.023881845407484,0.0192062828820979,0.00946821743744921,0.654054810306932
Torricelliaceae,8,8,0,0,0,0,1,0,0,0,0,8,0,0,0,0,0,0,1,0,0,0,0,0,0,AM,AM,AM,AM,82.380243,0.0252419932978328,0.0182577441144022,0.00644120764565079,0
Trigoniaceae,32,32,0,0,0,0,1,0,0,0,0,32,0,0,0,0,0,0,1,0,0,0,0,0,0,AM,AM,AM,AM,55.900687,0.0619980914152223,0.0501489432662345,0.0252409594484995,0
Triuridaceae,54,54,0,0,0,0,1,0,0,0,0,54,0,0,0,0,0,0,1,0,0,0,0,0,0,AM,AM,AM,AM,97.969883,0.0407164316667018,0.0338286206248968,0.0187868922268437,0
Trochodendraceae,2,2,0,0,0,0,1,0,0,0,0,2,0,0,0,0,0,0,1,0,0,0,0,0,0,AM,AM,AM,AM,124.728133,0.00555726413831549,0.00325079112751703,0.000764143401427527,0
Tropaeolaceae,89,88,0,0,0,0,1,0,0,0,0,88,0,0,0,0,0,1,0.98876404494382,0,0,0,0,0,0.0112359550561798,AM,AM,AM,AM,55.276754,0.0812029658928985,0.0688655214770809,0.0412900943075732,0
Typhaceae,65,32.5,0,32.5,0,0,0.5,0,0.5,0,0,0,0,0,65,0,0,0,0,0,0,1,0,0,0,MIX,MIX,MIX,MIX,90.169532,0.0462948756337744,0.0387770401366448,0.0221968547004339,0.693147180559945
Ulmaceae,64,64,0,0,0,0,1,0,0,0,0,64,0,0,0,0,0,0,1,0,0,0,0,0,0,AM,AM,AM,AM,71.234223,0.0583832167771335,0.0488703314604231,0.0279061701586097,0
Urticaceae,1465,770.5,0,703,0,0,0.522904648795385,0,0.477095351204615,0,0,114,0,0,1313,31,0,7,0.0778156996587031,0,0,0.896245733788396,0.021160409556314,0,0.00477815699658703,AM,MIX,MIX,MIX,63.23965,0.115269621534135,0.10431976935177,0.0789560027570557,0.692097567406383
Vahliaceae,5,5,0,0,0,0,1,0,0,0,0,5,0,0,0,0,0,0,1,0,0,0,0,0,0,AM,AM,AM,AM,75.719313,0.0212553158324891,0.0145090102530131,0.00444367788467934,0
Velloziaceae,278,278,0,0,0,0,1,0,0,0,0,278,0,0,0,0,0,0,1,0,0,0,0,0,0,AM,AM,AM,AM,55.802124,0.100849586185835,0.0884924129637327,0.0601571567914794,0
Verbenaceae,1035,1026,0,0,0,0,1,0,0,0,0,1026,0,0,0,0,0,9,0.991304347826087,0,0,0,0,0,0.00869565217391304,AM,AM,AM,AM,29.203711,0.237714881704571,0.214013049309366,0.159165719570658,0
Violaceae,806,797,0,0,0,0,1,0,0,0,0,797,0,0,0,0,0,9,0.988833746898263,0,0,0,0,0,0.011166253101737,AM,AM,AM,AM,89.031943,0.0751649746934831,0.0673935251273804,0.0494272378201026,0
Vitaceae,985,727,0,0,0,0,1,0,0,0,0,727,0,0,0,0,0,258,0.738071065989848,0,0,0,0,0,0.261928934010152,AM,AM,AM,AM,116.877466,0.0589732296315535,0.0530513655561517,0.0393502038593353,0
Vivianiaceae,16,14,0,0,0,0,1,0,0,0,0,14,0,0,0,0,0,2,0.875,0,0,0,0,0,0.125,AM,AM,AM,AM,73.98946,0.0374727525006911,0.0289239327263136,0.012384071080856,0
Vochysiaceae,215,215,0,0,0,0,1,0,0,0,0,215,0,0,0,0,0,0,1,0,0,0,0,0,0,AM,AM,AM,AM,72.545041,0.074031773283134,0.0645410239291783,0.0428569743155979,0
Welwitschiaceae,1,1,0,0,0,0,1,0,0,0,0,1,0,0,0,0,0,0,1,0,0,0,0,0,0,AM,AM,AM,AM,87.108282,0,0,0,0
Winteraceae,32,31,0,0,0,0,1,0,0,0,0,31,0,0,0,0,0,1,0.96875,0,0,0,0,0,0.03125,AM,AM,AM,AM,112.055662,0.030928699549334,0.0250175701153462,0.0125918400599004,0
Xanthorrhoeaceae,1236,1230,0,0,0,0,1,0,0,0,0,1230,0,0,0,0,0,6,0.995145631067961,0,0,0,0,0,0.00485436893203883,AM,AM,AM,AM,75.625913,0.0941428057604757,0.0849880277390178,0.0637917021366044,0
Xeronemataceae,2,2,0,0,0,0,1,0,0,0,0,2,0,0,0,0,0,0,1,0,0,0,0,0,0,AM,AM,AM,AM,78.292857,0.00885326206144125,0.00517882631500041,0.00121735473012979,0
Xyridaceae,387,193.5,0,193.5,0,0,0.5,0,0.5,0,0,0,0,0,387,0,0,0,0,0,0,1,0,0,0,MIX,MIX,MIX,MIX,56.913385,0.104692853764185,0.0925592136026231,0.0646390847822605,0.693147180559945
Zamiaceae,216,216,0,0,0,0,1,0,0,0,0,216,0,0,0,0,0,0,1,0,0,0,0,0,0,AM,AM,AM,AM,158.290082,0.0339584030772324,0.0296086154847056,0.0196696803101686,0
Zingiberaceae,1587,1576,0,0,0,0,1,0,0,0,0,1576,0,0,0,0,0,11,0.993068683049779,0,0,0,0,0,0.00693131695022054,AM,AM,AM,AM,106.882289,0.0689506258658664,0.0624713741043396,0.0474603485055949,0
Zosteraceae,23,0,0,33,0,0,0,0,1,0,0,0,0,0,0,22,0,1,0,0,0,0,0.956521739130435,0,0.0434782608695652,NM,NM,NM,NM,32.71356,0.0958469275715987,0.0759595302311335,0.0355556169920266,0
Zygophyllaceae,211,130.5,0,78,0,0,0.62589928057554,0,0.37410071942446,0,0,54,0,0,153,1,0,3,0.255924170616114,0,0,0.725118483412322,0.004739336492891,0,0.014218009478673,AM,AM,MIX,MIX,83.605805,0.0640129968663787,0.0557788911202047,0.0369716247975642,0.661102136805634
