family,rich,AM,EM,NM,OM,ER,AM.perc,EM.perc,NM.perc,OM.perc,ER.perc,AM.raw,EM.raw,ER.raw,MIX.raw,NM.raw,OM.raw,UNK.raw,AM.raw.perc,EM.raw.perc,ER.raw.perc,MIX.raw.perc,NM.raw.perc,OM.raw.perc,UNK.raw.perc,type.50,type.60,type.80,type.100
Acanthaceae,3947,2546.5,0,1251.5,0,0,0.670484465508162,0,0.329515534491838,0,0,1307,0,0,2479,12,0,149,0.331137572840132,0,0,0.628071953382316,0.00304028375981758,0,0.037750190017735,AM,AM,MIX,MIX
Achariaceae,101,100,0,0,0,0,1,0,0,0,0,100,0,0,0,0,0,1,0.99009900990099,0,0,0,0,0,0.0099009900990099,AM,AM,AM,AM
Achatocarpaceae,11,5.5,5.5,0,0,0,0.5,0.5,0,0,0,0,0,0,11,0,0,0,0,0,0,1,0,0,0,MIX,MIX,MIX,MIX
Acoraceae,2,1,0,1,0,0,0.5,0,0.5,0,0,0,0,0,2,0,0,0,0,0,0,1,0,0,0,MIX,MIX,MIX,MIX
Actinidiaceae,176,176,0,0,0,0,1,0,0,0,0,176,0,0,0,0,0,0,1,0,0,0,0,0,0,AM,AM,AM,AM
Adoxaceae,194,190,0,1,0,0,0.994764397905759,0,0.00523560209424084,0,0,189,0,0,2,0,0,3,0.974226804123711,0,0,0.0103092783505155,0,0,0.0154639175257732,AM,AM,AM,MIX
Aextoxicaceae,1,1,0,0,0,0,1,0,0,0,0,1,0,0,0,0,0,0,1,0,0,0,0,0,0,AM,AM,AM,AM
Aizoaceae,2270,881.5,0,1108.5,0,0,0.442964824120603,0,0.557035175879397,0,0,4,0,0,1755,231,0,280,0.00176211453744493,0,0,0.773127753303965,0.101762114537445,0,0.123348017621145,NM,MIX,MIX,MIX
Akaniaceae,2,2,0,0,0,0,1,0,0,0,0,2,0,0,0,0,0,0,1,0,0,0,0,0,0,AM,AM,AM,AM
Alismataceae,120,60,0,60,0,0,0.5,0,0.5,0,0,0,0,0,120,0,0,0,0,0,0,1,0,0,0,MIX,MIX,MIX,MIX
Alseuosmiaceae,6,6,0,0,0,0,1,0,0,0,0,6,0,0,0,0,0,0,1,0,0,0,0,0,0,AM,AM,AM,AM
Alstroemeriaceae,259,259,0,0,0,0,1,0,0,0,0,259,0,0,0,0,0,0,1,0,0,0,0,0,0,AM,AM,AM,AM
Altingiaceae,19,16,0,0,0,0,1,0,0,0,0,16,0,0,0,0,0,3,0.842105263157895,0,0,0,0,0,0.157894736842105,AM,AM,AM,AM
Amaranthaceae,2052,895.5,0,1129.5,0,0,0.442222222222222,0,0.557777777777778,0,0,21,0,0,1749,255,0,27,0.010233918128655,0,0,0.85233918128655,0.124269005847953,0,0.0131578947368421,NM,MIX,MIX,MIX
Amaryllidaceae,2258,2241.5,0,10.5,0,0,0.995337477797513,0,0.00466252220248668,0,0,2231,0,0,21,0,0,6,0.988042515500443,0,0,0.00930026572187777,0,0,0.00265721877767936,AM,AM,AM,MIX
Amborellaceae,1,1,0,0,0,0,1,0,0,0,0,1,0,0,0,0,0,0,1,0,0,0,0,0,0,AM,AM,AM,AM
Anacampserotaceae,58,0,0,0,0,0,NA,NA,NA,NA,NA,0,0,0,0,0,0,58,0,0,0,0,0,0,1,UNK,UNK,UNK,UNK
Anacardiaceae,701,668,0,0,0,0,1,0,0,0,0,668,0,0,0,0,0,33,0.952924393723253,0,0,0,0,0,0.0470756062767475,AM,AM,AM,AM
Anarthriaceae,11,5.5,0,5.5,0,0,0.5,0,0.5,0,0,0,0,0,11,0,0,0,0,0,0,1,0,0,0,MIX,MIX,MIX,MIX
Ancistrocladaceae,21,21,0,0,0,0,1,0,0,0,0,21,0,0,0,0,0,0,1,0,0,0,0,0,0,AM,AM,AM,AM
Anisophylleaceae,78,76,0,0,0,0,1,0,0,0,0,76,0,0,0,0,0,2,0.974358974358974,0,0,0,0,0,0.0256410256410256,AM,AM,AM,AM
Annonaceae,2106,1910,0,0,0,0,1,0,0,0,0,1910,0,0,0,0,0,196,0.90693257359924,0,0,0,0,0,0.0930674264007597,AM,AM,AM,AM
Aphanopetalaceae,2,0,0,0,0,0,NA,NA,NA,NA,NA,0,0,0,0,0,0,2,0,0,0,0,0,0,1,UNK,UNK,UNK,UNK
Aphloiaceae,2,2,0,0,0,0,1,0,0,0,0,2,0,0,0,0,0,0,1,0,0,0,0,0,0,AM,AM,AM,AM
Apiaceae,3257,3099.5,1,26.5,0,0,0.991205628397825,0.000319795330988168,0.00847457627118644,0,0,3082,0,0,35,10,0,130,0.946269573226896,0,0,0.0107460853546208,0.00307031010132023,0,0.039914031317163,AM,AM,AM,MIX
Apocynaceae,5556,5069,0,159,0,0,0.969586840091813,0,0.0304131599081867,0,0,4930,0,0,278,20,0,328,0.887329013678906,0,0,0.0500359971202304,0.00359971202303816,0,0.0590352771778258,AM,AM,AM,MIX
Apodanthaceae,26,0,0,24,0,0,0,0,1,0,0,0,0,0,0,24,0,2,0,0,0,0,0.923076923076923,0,0.0769230769230769,NM,NM,NM,NM
Aponogetonaceae,58,28.5,0,28.5,0,0,0.5,0,0.5,0,0,0,0,0,57,0,0,1,0,0,0,0.982758620689655,0,0,0.0172413793103448,MIX,MIX,MIX,MIX
Aquifoliaceae,480,475,0,0,0,0,1,0,0,0,0,475,0,0,0,0,0,5,0.989583333333333,0,0,0,0,0,0.0104166666666667,AM,AM,AM,AM
Araceae,3368,1924.5,0,1432.5,0,0,0.573279714030384,0,0.426720285969616,0,0,535,0,0,2779,43,0,11,0.158847980997625,0,0,0.825118764845606,0.0127672209026128,0,0.00326603325415677,AM,MIX,MIX,MIX
Araliaceae,1533,1521.5,0,5.5,0,0,0.996398166339227,0,0.00360183366077276,0,0,1516,0,0,11,0,0,6,0.988910632746249,0,0,0.00717547292889759,0,0,0.00391389432485323,AM,AM,AM,MIX
Araucariaceae,39,38,0,0,0,0,1,0,0,0,0,38,0,0,0,0,0,1,0.974358974358974,0,0,0,0,0,0.0256410256410256,AM,AM,AM,AM
Arecaceae,2522,2175,0,52,0,0,0.976650202065559,0,0.023349797934441,0,0,2123,0,0,104,0,0,295,0.841792228390167,0,0,0.0412371134020619,0,0,0.116970658207772,AM,AM,AM,MIX
Argophyllaceae,22,22,0,0,0,0,1,0,0,0,0,22,0,0,0,0,0,0,1,0,0,0,0,0,0,AM,AM,AM,AM
Aristolochiaceae,624,368.5,0,242.5,0,0,0.603109656301146,0,0.396890343698854,0,0,126,0,0,485,0,0,13,0.201923076923077,0,0,0.77724358974359,0,0,0.0208333333333333,AM,AM,MIX,MIX
Asparagaceae,2879,2696,0,117,0,0,0.958407394241024,0,0.0415926057589762,0,0,2579,0,0,234,0,0,66,0.895797151788816,0,0,0.0812782216047239,0,0,0.0229246266064606,AM,AM,AM,MIX
Asteliaceae,37,32,0,0,0,0,1,0,0,0,0,32,0,0,0,0,0,5,0.864864864864865,0,0,0,0,0,0.135135135135135,AM,AM,AM,AM
Asteropeiaceae,8,4,4,0,0,0,0.5,0.5,0,0,0,0,0,0,8,0,0,0,0,0,0,1,0,0,0,MIX,MIX,MIX,MIX
Atherospermataceae,20,20,0,0,0,0,1,0,0,0,0,20,0,0,0,0,0,0,1,0,0,0,0,0,0,AM,AM,AM,AM
Austrobaileyaceae,1,1,0,0,0,0,1,0,0,0,0,1,0,0,0,0,0,0,1,0,0,0,0,0,0,AM,AM,AM,AM
Balanopaceae,9,9,0,0,0,0,1,0,0,0,0,9,0,0,0,0,0,0,1,0,0,0,0,0,0,AM,AM,AM,AM
Balanophoraceae,45,0,0,44,0,0,0,0,1,0,0,0,0,0,0,44,0,1,0,0,0,0,0.977777777777778,0,0.0222222222222222,NM,NM,NM,NM
Balsaminaceae,488,487,0,0,0,0,1,0,0,0,0,487,0,0,0,0,0,1,0.997950819672131,0,0,0,0,0,0.00204918032786885,AM,AM,AM,AM
Barbeuiaceae,1,0,0,0,0,0,NA,NA,NA,NA,NA,0,0,0,0,0,0,1,0,0,0,0,0,0,1,UNK,UNK,UNK,UNK
Barbeyaceae,1,1,0,0,0,0,1,0,0,0,0,1,0,0,0,0,0,0,1,0,0,0,0,0,0,AM,AM,AM,AM
Basellaceae,19,14,0,0,0,0,1,0,0,0,0,14,0,0,0,0,0,5,0.736842105263158,0,0,0,0,0,0.263157894736842,AM,AM,AM,AM
Bataceae,2,1,0,1,0,0,0.5,0,0.5,0,0,0,0,0,2,0,0,0,0,0,0,1,0,0,0,MIX,MIX,MIX,MIX
Begoniaceae,1601,1601,0,0,0,0,1,0,0,0,0,1601,0,0,0,0,0,0,1,0,0,0,0,0,0,AM,AM,AM,AM
Berberidaceae,755,739,0,0,0,0,1,0,0,0,0,739,0,0,0,0,0,16,0.978807947019868,0,0,0,0,0,0.0211920529801325,AM,AM,AM,AM
Berberidopsidaceae,2,0,0,0,0,0,NA,NA,NA,NA,NA,0,0,0,0,0,0,2,0,0,0,0,0,0,1,UNK,UNK,UNK,UNK
Betulaceae,234,0,234,0,0,0,0,1,0,0,0,0,234,0,0,0,0,0,0,1,0,0,0,0,0,EM,EM,EM,EM
Biebersteiniaceae,5,5,0,0,0,0,1,0,0,0,0,5,0,0,0,0,0,0,1,0,0,0,0,0,0,AM,AM,AM,AM
Bignoniaceae,852,844,0,2,0,0,0.997635933806147,0,0.00236406619385343,0,0,843,0,0,2,1,0,6,0.98943661971831,0,0,0.00234741784037559,0.00117370892018779,0,0.00704225352112676,AM,AM,AM,MIX
Bixaceae,23,23,0,0,0,0,1,0,0,0,0,23,0,0,0,0,0,0,1,0,0,0,0,0,0,AM,AM,AM,AM
Blandfordiaceae,4,4,0,0,0,0,1,0,0,0,0,4,0,0,0,0,0,0,1,0,0,0,0,0,0,AM,AM,AM,AM
Bonnetiaceae,36,36,0,0,0,0,1,0,0,0,0,36,0,0,0,0,0,0,1,0,0,0,0,0,0,AM,AM,AM,AM
Boraginaceae,2686,1860,0,739,4,0,0.714560122935075,0,0.283903188628506,0.00153668843641952,0,1121,0,0,1478,0,4,83,0.41734921816828,0,0,0.550260610573343,0,0.00148920327624721,0.0309009679821296,AM,AM,MIX,MIX
Boryaceae,12,12,0,0,0,0,1,0,0,0,0,12,0,0,0,0,0,0,1,0,0,0,0,0,0,AM,AM,AM,AM
Brassicaceae,4060,0,0,3991,0,0,0,0,1,0,0,0,0,0,0,3991,0,69,0,0,0,0,0.983004926108374,0,0.0169950738916256,NM,NM,NM,NM
Bromeliaceae,3320,1302.5,0,2015.5,0,0,0.392555756479807,0,0.607444243520193,0,0,342,0,0,1921,1055,0,2,0.103012048192771,0,0,0.578614457831325,0.317771084337349,0,0.000602409638554217,NM,NM,MIX,MIX
Brunelliaceae,60,60,0,0,0,0,1,0,0,0,0,60,0,0,0,0,0,0,1,0,0,0,0,0,0,AM,AM,AM,AM
Bruniaceae,92,83,0,0,0,0,1,0,0,0,0,83,0,0,0,0,0,9,0.902173913043478,0,0,0,0,0,0.0978260869565217,AM,AM,AM,AM
Burmanniaceae,163,160,0,0,0,0,1,0,0,0,0,160,0,0,0,0,0,3,0.98159509202454,0,0,0,0,0,0.0184049079754601,AM,AM,AM,AM
Burseraceae,649,641,0,4,0,0,0.993798449612403,0,0.0062015503875969,0,0,637,0,0,8,0,0,4,0.981510015408321,0,0,0.012326656394453,0,0,0.0061633281972265,AM,AM,AM,MIX
Butomaceae,2,0,0,2,0,0,0,0,1,0,0,0,0,0,0,2,0,0,0,0,0,0,1,0,0,NM,NM,NM,NM
Buxaceae,122,122,0,0,0,0,1,0,0,0,0,122,0,0,0,0,0,0,1,0,0,0,0,0,0,AM,AM,AM,AM
Byblidaceae,7,0,0,7,0,0,0,0,1,0,0,0,0,0,0,7,0,0,0,0,0,0,1,0,0,NM,NM,NM,NM
Cabombaceae,6,0,0,6,0,0,0,0,1,0,0,0,0,0,0,6,0,0,0,0,0,0,1,0,0,NM,NM,NM,NM
Cactaceae,2233,1745,0,67,0,0,0.963024282560706,0,0.0369757174392936,0,0,1745,0,0,0,67,0,421,0.781459919390954,0,0,0,0.0300044782803403,0,0.188535602328706,AM,AM,AM,MIX
Calceolariaceae,281,279,0,0,0,0,1,0,0,0,0,279,0,0,0,0,0,2,0.99288256227758,0,0,0,0,0,0.00711743772241993,AM,AM,AM,AM
Calophyllaceae,127,127,0,0,0,0,1,0,0,0,0,127,0,0,0,0,0,0,1,0,0,0,0,0,0,AM,AM,AM,AM
Calycanthaceae,10,10,0,0,0,0,1,0,0,0,0,10,0,0,0,0,0,0,1,0,0,0,0,0,0,AM,AM,AM,AM
Calyceraceae,56,56,0,0,0,0,1,0,0,0,0,56,0,0,0,0,0,0,1,0,0,0,0,0,0,AM,AM,AM,AM
Campanulaceae,2385,1957.5,0,7.5,414,0,0.822824716267339,0,0.00315258511979823,0.174022698612863,0,1950,0,0,15,0,414,6,0.817610062893082,0,0,0.00628930817610063,0,0.173584905660377,0.00251572327044025,AM,AM,AM,MIX
Campynemataceae,4,4,0,0,0,0,1,0,0,0,0,4,0,0,0,0,0,0,1,0,0,0,0,0,0,AM,AM,AM,AM
Canellaceae,21,21,0,0,0,0,1,0,0,0,0,21,0,0,0,0,0,0,1,0,0,0,0,0,0,AM,AM,AM,AM
Cannabaceae,102,102,0,0,0,0,1,0,0,0,0,102,0,0,0,0,0,0,1,0,0,0,0,0,0,AM,AM,AM,AM
Cannaceae,12,12,0,0,0,0,1,0,0,0,0,12,0,0,0,0,0,0,1,0,0,0,0,0,0,AM,AM,AM,AM
Capparaceae,449,338.5,0,108.5,0,0,0.757270693512304,0,0.242729306487696,0,0,248,0,0,181,18,0,2,0.552338530066815,0,0,0.403118040089087,0.0400890868596882,0,0.0044543429844098,AM,AM,MIX,MIX
Caprifoliaceae,857,778,0,0,0,0,1,0,0,0,0,778,0,0,0,0,0,79,0.90781796966161,0,0,0,0,0,0.0921820303383897,AM,AM,AM,AM
Cardiopteridaceae,46,46,0,0,0,0,1,0,0,0,0,46,0,0,0,0,0,0,1,0,0,0,0,0,0,AM,AM,AM,AM
Caricaceae,47,43,0,0,0,0,1,0,0,0,0,43,0,0,0,0,0,4,0.914893617021277,0,0,0,0,0,0.0851063829787234,AM,AM,AM,AM
Carlemanniaceae,5,5,0,0,0,0,1,0,0,0,0,5,0,0,0,0,0,0,1,0,0,0,0,0,0,AM,AM,AM,AM
Caryocaraceae,26,26,0,0,0,0,1,0,0,0,0,26,0,0,0,0,0,0,1,0,0,0,0,0,0,AM,AM,AM,AM
Caryophyllaceae,2456,876.5,0,1531.5,0,0,0.363995016611296,0,0.636004983388704,0,0,93,0,0,1567,748,0,48,0.0378664495114007,0,0,0.638029315960912,0.304560260586319,0,0.0195439739413681,NM,NM,MIX,MIX
Casuarinaceae,91,53.5,37.5,0,0,0,0.587912087912088,0.412087912087912,0,0,0,16,0,0,75,0,0,0,0.175824175824176,0,0,0.824175824175824,0,0,0,AM,MIX,MIX,MIX
Celastraceae,1168,1062,0,66,0,0,0.941489361702128,0,0.0585106382978723,0,0,996,0,0,132,0,0,40,0.852739726027397,0,0,0.113013698630137,0,0,0.0342465753424658,AM,AM,AM,MIX
Centrolepidaceae,36,18,0,18,0,0,0.5,0,0.5,0,0,0,0,0,36,0,0,0,0,0,0,1,0,0,0,MIX,MIX,MIX,MIX
Cephalotaceae,1,0,0,1,0,0,0,0,1,0,0,0,0,0,0,1,0,0,0,0,0,0,1,0,0,NM,NM,NM,NM
Ceratophyllaceae,4,0,0,4,0,0,0,0,1,0,0,0,0,0,0,4,0,0,0,0,0,0,1,0,0,NM,NM,NM,NM
Cercidiphyllaceae,2,2,0,0,0,0,1,0,0,0,0,2,0,0,0,0,0,0,1,0,0,0,0,0,0,AM,AM,AM,AM
Chloranthaceae,71,71,0,0,0,0,1,0,0,0,0,71,0,0,0,0,0,0,1,0,0,0,0,0,0,AM,AM,AM,AM
Chrysobalanaceae,535,535,0,0,0,0,1,0,0,0,0,535,0,0,0,0,0,0,1,0,0,0,0,0,0,AM,AM,AM,AM
Circaeasteraceae,2,2,0,0,0,0,1,0,0,0,0,2,0,0,0,0,0,0,1,0,0,0,0,0,0,AM,AM,AM,AM
Cistaceae,201,0,200,0,0,0,0,1,0,0,0,0,200,0,0,0,0,1,0,0.995024875621891,0,0,0,0,0.00497512437810945,EM,EM,EM,EM
Cleomaceae,257,125,0,124,0,0,0.502008032128514,0,0.497991967871486,0,0,1,0,0,248,0,0,8,0.00389105058365759,0,0,0.964980544747082,0,0,0.0311284046692607,AM,MIX,MIX,MIX
Clethraceae,85,85,0,0,0,0,1,0,0,0,0,85,0,0,0,0,0,0,1,0,0,0,0,0,0,AM,AM,AM,AM
Clusiaceae,1047,1017,0,0,0,0,1,0,0,0,0,1017,0,0,0,0,0,30,0.97134670487106,0,0,0,0,0,0.0286532951289398,AM,AM,AM,AM
Colchicaceae,284,283,0,0,0,0,1,0,0,0,0,283,0,0,0,0,0,1,0.996478873239437,0,0,0,0,0,0.00352112676056338,AM,AM,AM,AM
Columelliaceae,8,8,0,0,0,0,1,0,0,0,0,8,0,0,0,0,0,0,1,0,0,0,0,0,0,AM,AM,AM,AM
Combretaceae,480,459,0,0,0,0,1,0,0,0,0,459,0,0,0,0,0,21,0.95625,0,0,0,0,0,0.04375,AM,AM,AM,AM
Commelinaceae,728,342,0,385,0,0,0.470426409903714,0,0.529573590096286,0,0,10,0,0,664,53,0,1,0.0137362637362637,0,0,0.912087912087912,0.0728021978021978,0,0.00137362637362637,NM,MIX,MIX,MIX
Compositae,32913,30806.5,148,193.5,0,0,0.989036214203159,0.00475150892513163,0.00621227687170926,0,0,30574,2,0,971,107,0,1259,0.928933855923191,6.07662625710206e-05,0,0.0295020204782305,0.0032509950475496,0,0.0382523622884575,AM,AM,AM,MIX
Connaraceae,267,255,0,0,0,0,1,0,0,0,0,255,0,0,0,0,0,12,0.955056179775281,0,0,0,0,0,0.0449438202247191,AM,AM,AM,AM
Convolvulaceae,1296,1017.5,0,173.5,0,0,0.854324097397145,0,0.145675902602855,0,0,1016,0,0,3,172,0,105,0.783950617283951,0,0,0.00231481481481481,0.132716049382716,0,0.0810185185185185,AM,AM,AM,MIX
Coriariaceae,16,16,0,0,0,0,1,0,0,0,0,16,0,0,0,0,0,0,1,0,0,0,0,0,0,AM,AM,AM,AM
Cornaceae,124,120,0,0,0,0,1,0,0,0,0,120,0,0,0,0,0,4,0.967741935483871,0,0,0,0,0,0.032258064516129,AM,AM,AM,AM
Corsiaceae,27,27,0,0,0,0,1,0,0,0,0,27,0,0,0,0,0,0,1,0,0,0,0,0,0,AM,AM,AM,AM
Corynocarpaceae,5,5,0,0,0,0,1,0,0,0,0,5,0,0,0,0,0,0,1,0,0,0,0,0,0,AM,AM,AM,AM
Costaceae,139,139,0,0,0,0,1,0,0,0,0,139,0,0,0,0,0,0,1,0,0,0,0,0,0,AM,AM,AM,AM
Crassulaceae,1481,567.5,0,815.5,0,0,0.410339840925524,0,0.589660159074476,0,0,1,0,0,1133,249,0,98,0.000675219446320054,0,0,0.765023632680621,0.168129642133693,0,0.0661715057393653,NM,MIX,MIX,MIX
Crossosomataceae,8,0,0,0,0,0,NA,NA,NA,NA,NA,0,0,0,0,0,0,8,0,0,0,0,0,0,1,UNK,UNK,UNK,UNK
Ctenolophonaceae,2,2,0,0,0,0,1,0,0,0,0,2,0,0,0,0,0,0,1,0,0,0,0,0,0,AM,AM,AM,AM
Cucurbitaceae,965,904,0,0,0,0,1,0,0,0,0,904,0,0,0,0,0,61,0.936787564766839,0,0,0,0,0,0.0632124352331606,AM,AM,AM,AM
Cunoniaceae,245,228.5,0,0.5,0,0,0.997816593886463,0,0.00218340611353712,0,0,228,0,0,1,0,0,16,0.930612244897959,0,0,0.00408163265306122,0,0,0.0653061224489796,AM,AM,AM,MIX
Cupressaceae,166,160,0,0,0,0,1,0,0,0,0,160,0,0,0,0,0,6,0.963855421686747,0,0,0,0,0,0.036144578313253,AM,AM,AM,AM
Curtisiaceae,1,1,0,0,0,0,1,0,0,0,0,1,0,0,0,0,0,0,1,0,0,0,0,0,0,AM,AM,AM,AM
Cycadaceae,92,92,0,0,0,0,1,0,0,0,0,92,0,0,0,0,0,0,1,0,0,0,0,0,0,AM,AM,AM,AM
Cyclanthaceae,231,65.5,0,165.5,0,0,0.283549783549784,0,0.716450216450216,0,0,0,0,0,131,100,0,0,0,0,0,0.567099567099567,0.432900432900433,0,0,NM,NM,MIX,MIX
Cymodoceaceae,16,0,0,16,0,0,0,0,1,0,0,0,0,0,0,16,0,0,0,0,0,0,1,0,0,NM,NM,NM,NM
Cynomoriaceae,1,0,0,1,0,0,0,0,1,0,0,0,0,0,0,1,0,0,0,0,0,0,1,0,0,NM,NM,NM,NM
Cyperaceae,5784,2793,0,2864,0,0,0.493724589004773,0,0.506275410995227,0,0,114,0,0,5415,185,0,70,0.0197095435684647,0,0,0.936203319502075,0.031984785615491,0,0.0121023513139696,NM,MIX,MIX,MIX
Cyrillaceae,8,8,0,0,0,0,1,0,0,0,0,8,0,0,0,0,0,0,1,0,0,0,0,0,0,AM,AM,AM,AM
Cytinaceae,11,8,0,0,0,0,1,0,0,0,0,8,0,0,0,0,0,3,0.727272727272727,0,0,0,0,0,0.272727272727273,AM,AM,AM,AM
Daphniphyllaceae,34,34,0,0,0,0,1,0,0,0,0,34,0,0,0,0,0,0,1,0,0,0,0,0,0,AM,AM,AM,AM
Dasypogonaceae,16,8,0,8,0,0,0.5,0,0.5,0,0,0,0,0,16,0,0,0,0,0,0,1,0,0,0,MIX,MIX,MIX,MIX
Datiscaceae,2,2,0,0,0,0,1,0,0,0,0,2,0,0,0,0,0,0,1,0,0,0,0,0,0,AM,AM,AM,AM
Degeneriaceae,2,2,0,0,0,0,1,0,0,0,0,2,0,0,0,0,0,0,1,0,0,0,0,0,0,AM,AM,AM,AM
Diapensiaceae,12,0,0,0,0,7,0,0,0,0,1,0,0,7,0,0,0,5,0,0,0.583333333333333,0,0,0,0.416666666666667,ER,ER,ER,ER
Dichapetalaceae,196,196,0,0,0,0,1,0,0,0,0,196,0,0,0,0,0,0,1,0,0,0,0,0,0,AM,AM,AM,AM
Didiereaceae,22,0,0,0,0,0,NA,NA,NA,NA,NA,0,0,0,0,0,0,22,0,0,0,0,0,0,1,UNK,UNK,UNK,UNK
Dilleniaceae,219,166,0,0,0,0,1,0,0,0,0,166,0,0,0,0,0,53,0.757990867579909,0,0,0,0,0,0.242009132420091,AM,AM,AM,AM
Dioncophyllaceae,3,0,0,0,0,0,NA,NA,NA,NA,NA,0,0,0,0,0,0,3,0,0,0,0,0,0,1,UNK,UNK,UNK,UNK
Dioscoreaceae,653,633,0,0,0,0,1,0,0,0,0,633,0,0,0,0,0,20,0.96937212863706,0,0,0,0,0,0.0306278713629403,AM,AM,AM,AM
Dipentodontaceae,21,21,0,0,0,0,1,0,0,0,0,21,0,0,0,0,0,0,1,0,0,0,0,0,0,AM,AM,AM,AM
Dipterocarpaceae,147,0,145,0,0,0,0,1,0,0,0,0,145,0,0,0,0,2,0,0.986394557823129,0,0,0,0,0.0136054421768707,EM,EM,EM,EM
Dirachmaceae,2,2,0,0,0,0,1,0,0,0,0,2,0,0,0,0,0,0,1,0,0,0,0,0,0,AM,AM,AM,AM
Doryanthaceae,2,2,0,0,0,0,1,0,0,0,0,2,0,0,0,0,0,0,1,0,0,0,0,0,0,AM,AM,AM,AM
Droseraceae,189,0,0,189,0,0,0,0,1,0,0,0,0,0,0,189,0,0,0,0,0,0,1,0,0,NM,NM,NM,NM
Drosophyllaceae,1,0,0,1,0,0,0,0,1,0,0,0,0,0,0,1,0,0,0,0,0,0,1,0,0,NM,NM,NM,NM
Ebenaceae,751,751,0,0,0,0,1,0,0,0,0,751,0,0,0,0,0,0,1,0,0,0,0,0,0,AM,AM,AM,AM
Ecdeiocoleaceae,3,3,0,0,0,0,1,0,0,0,0,3,0,0,0,0,0,0,1,0,0,0,0,0,0,AM,AM,AM,AM
Elaeagnaceae,108,107,0,0,0,0,1,0,0,0,0,107,0,0,0,0,0,1,0.990740740740741,0,0,0,0,0,0.00925925925925926,AM,AM,AM,AM
Elaeocarpaceae,644,644,0,0,0,0,1,0,0,0,0,644,0,0,0,0,0,0,1,0,0,0,0,0,0,AM,AM,AM,AM
Elatinaceae,57,28,0,29,0,0,0.491228070175439,0,0.508771929824561,0,0,28,0,0,0,29,0,0,0.491228070175439,0,0,0,0.508771929824561,0,0,NM,MIX,MIX,MIX
Emblingiaceae,1,0,0,1,0,0,0,0,1,0,0,0,0,0,0,1,0,0,0,0,0,0,1,0,0,NM,NM,NM,NM
Ephedraceae,70,70,0,0,0,0,1,0,0,0,0,70,0,0,0,0,0,0,1,0,0,0,0,0,0,AM,AM,AM,AM
Ericaceae,3554,16,162,1,0,3198,0.00473793307669529,0.0479715724015398,0.000296120817293456,0,0.946994373704471,16,162,3198,0,1,0,177,0.00450196961170512,0.0455824423185143,0.899831176139561,0,0.00028137310073157,0,0.0498030388294879,ER,ER,ER,MIX
Eriocaulaceae,1206,1164,0,40,0,0,0.966777408637874,0,0.0332225913621262,0,0,1164,0,0,0,40,0,2,0.965174129353234,0,0,0,0.033167495854063,0,0.00165837479270315,AM,AM,AM,MIX
Erythroxylaceae,267,267,0,0,0,0,1,0,0,0,0,267,0,0,0,0,0,0,1,0,0,0,0,0,0,AM,AM,AM,AM
Escalloniaceae,55,55,0,0,0,0,1,0,0,0,0,55,0,0,0,0,0,0,1,0,0,0,0,0,0,AM,AM,AM,AM
Eucommiaceae,1,1,0,0,0,0,1,0,0,0,0,1,0,0,0,0,0,0,1,0,0,0,0,0,0,AM,AM,AM,AM
Euphorbiaceae,6547,6484.5,0,4.5,0,0,0.999306518723994,0,0.000693481276005548,0,0,6480,0,0,9,0,0,58,0.989766305177944,0,0,0.00137467542385826,0,0,0.00885901939819765,AM,AM,AM,MIX
Euphroniaceae,4,3,0,0,0,0,1,0,0,0,0,3,0,0,0,0,0,1,0.75,0,0,0,0,0,0.25,AM,AM,AM,AM
Eupomatiaceae,3,3,0,0,0,0,1,0,0,0,0,3,0,0,0,0,0,0,1,0,0,0,0,0,0,AM,AM,AM,AM
Eupteleaceae,2,2,0,0,0,0,1,0,0,0,0,2,0,0,0,0,0,0,1,0,0,0,0,0,0,AM,AM,AM,AM
Fagaceae,1101,0,1101,0,0,0,0,1,0,0,0,0,1101,0,0,0,0,0,0,1,0,0,0,0,0,EM,EM,EM,EM
Flagellariaceae,4,4,0,0,0,0,1,0,0,0,0,4,0,0,0,0,0,0,1,0,0,0,0,0,0,AM,AM,AM,AM
Fouquieriaceae,12,12,0,0,0,0,1,0,0,0,0,12,0,0,0,0,0,0,1,0,0,0,0,0,0,AM,AM,AM,AM
Frankeniaceae,73,0,0,73,0,0,0,0,1,0,0,0,0,0,0,73,0,0,0,0,0,0,1,0,0,NM,NM,NM,NM
Garryaceae,25,25,0,0,0,0,1,0,0,0,0,25,0,0,0,0,0,0,1,0,0,0,0,0,0,AM,AM,AM,AM
Geissolomataceae,1,0,0,0,0,0,NA,NA,NA,NA,NA,0,0,0,0,0,0,1,0,0,0,0,0,0,1,UNK,UNK,UNK,UNK
Gelsemiaceae,13,13,0,0,0,0,1,0,0,0,0,13,0,0,0,0,0,0,1,0,0,0,0,0,0,AM,AM,AM,AM
Gentianaceae,1682,1572,0,11,0,0,0.993051168667088,0,0.00694883133291219,0,0,1572,0,0,0,11,0,99,0.934601664684899,0,0,0,0.00653983353151011,0,0.058858501783591,AM,AM,AM,MIX
Geraniaceae,841,841,0,0,0,0,1,0,0,0,0,841,0,0,0,0,0,0,1,0,0,0,0,0,0,AM,AM,AM,AM
Gerrardinaceae,2,0,0,0,0,0,NA,NA,NA,NA,NA,0,0,0,0,0,0,2,0,0,0,0,0,0,1,UNK,UNK,UNK,UNK
Gesneriaceae,3122,2896,0,0,0,0,1,0,0,0,0,2896,0,0,0,0,0,226,0.927610506085842,0,0,0,0,0,0.0723894939141576,AM,AM,AM,AM
Ginkgoaceae,2,2,0,0,0,0,1,0,0,0,0,2,0,0,0,0,0,0,1,0,0,0,0,0,0,AM,AM,AM,AM
Gisekiaceae,7,3.5,0,3.5,0,0,0.5,0,0.5,0,0,0,0,0,7,0,0,0,0,0,0,1,0,0,0,MIX,MIX,MIX,MIX
Gnetaceae,41,0,41,0,0,0,0,1,0,0,0,0,41,0,0,0,0,0,0,1,0,0,0,0,0,EM,EM,EM,EM
Gomortegaceae,1,1,0,0,0,0,1,0,0,0,0,1,0,0,0,0,0,0,1,0,0,0,0,0,0,AM,AM,AM,AM
Goodeniaceae,329,183.5,142.5,0,0,0,0.562883435582822,0.437116564417178,0,0,0,41,0,0,285,0,0,3,0.124620060790274,0,0,0.866261398176292,0,0,0.00911854103343465,AM,MIX,MIX,MIX
Goupiaceae,2,2,0,0,0,0,1,0,0,0,0,2,0,0,0,0,0,0,1,0,0,0,0,0,0,AM,AM,AM,AM
Grossulariaceae,195,194,0,0,0,0,1,0,0,0,0,194,0,0,0,0,0,1,0.994871794871795,0,0,0,0,0,0.00512820512820513,AM,AM,AM,AM
Grubbiaceae,3,3,0,0,0,0,1,0,0,0,0,3,0,0,0,0,0,0,1,0,0,0,0,0,0,AM,AM,AM,AM
Gunneraceae,69,69,0,0,0,0,1,0,0,0,0,69,0,0,0,0,0,0,1,0,0,0,0,0,0,AM,AM,AM,AM
Gyrostemonaceae,17,0,0,17,0,0,0,0,1,0,0,0,0,0,0,17,0,0,0,0,0,0,1,0,0,NM,NM,NM,NM
Haemodoraceae,101,0,0,101,0,0,0,0,1,0,0,0,0,0,0,101,0,0,0,0,0,0,1,0,0,NM,NM,NM,NM
Halophytaceae,1,0,0,1,0,0,0,0,1,0,0,0,0,0,0,1,0,0,0,0,0,0,1,0,0,NM,NM,NM,NM
Haloragaceae,92,68,0,22,0,0,0.755555555555556,0,0.244444444444444,0,0,46,0,0,44,0,0,2,0.5,0,0,0.478260869565217,0,0,0.0217391304347826,AM,AM,MIX,MIX
Hamamelidaceae,99,99,0,0,0,0,1,0,0,0,0,99,0,0,0,0,0,0,1,0,0,0,0,0,0,AM,AM,AM,AM
Hanguanaceae,10,10,0,0,0,0,1,0,0,0,0,10,0,0,0,0,0,0,1,0,0,0,0,0,0,AM,AM,AM,AM
Haptanthaceae,1,1,0,0,0,0,1,0,0,0,0,1,0,0,0,0,0,0,1,0,0,0,0,0,0,AM,AM,AM,AM
Heliconiaceae,204,204,0,0,0,0,1,0,0,0,0,204,0,0,0,0,0,0,1,0,0,0,0,0,0,AM,AM,AM,AM
Helwingiaceae,4,4,0,0,0,0,1,0,0,0,0,4,0,0,0,0,0,0,1,0,0,0,0,0,0,AM,AM,AM,AM
Hernandiaceae,51,51,0,0,0,0,1,0,0,0,0,51,0,0,0,0,0,0,1,0,0,0,0,0,0,AM,AM,AM,AM
Himantandraceae,1,1,0,0,0,0,1,0,0,0,0,1,0,0,0,0,0,0,1,0,0,0,0,0,0,AM,AM,AM,AM
Huaceae,4,4,0,0,0,0,1,0,0,0,0,4,0,0,0,0,0,0,1,0,0,0,0,0,0,AM,AM,AM,AM
Humiriaceae,63,63,0,0,0,0,1,0,0,0,0,63,0,0,0,0,0,0,1,0,0,0,0,0,0,AM,AM,AM,AM
Hydatellaceae,12,0,0,0,0,0,NA,NA,NA,NA,NA,0,0,0,0,0,0,12,0,0,0,0,0,0,1,UNK,UNK,UNK,UNK
Hydnoraceae,10,10,0,0,0,0,1,0,0,0,0,10,0,0,0,0,0,0,1,0,0,0,0,0,0,AM,AM,AM,AM
Hydrangeaceae,237,208.5,0,0.5,0,0,0.997607655502392,0,0.00239234449760766,0,0,208,0,0,1,0,0,28,0.877637130801688,0,0,0.00421940928270042,0,0,0.118143459915612,AM,AM,AM,MIX
Hydrocharitaceae,133,58.5,0,74.5,0,0,0.43984962406015,0,0.56015037593985,0,0,10,0,0,97,26,0,0,0.075187969924812,0,0,0.729323308270677,0.195488721804511,0,0,NM,MIX,MIX,MIX
Hydroleaceae,11,5.5,0,5.5,0,0,0.5,0,0.5,0,0,0,0,0,11,0,0,0,0,0,0,1,0,0,0,MIX,MIX,MIX,MIX
Hydrostachyaceae,19,0,0,0,0,0,NA,NA,NA,NA,NA,0,0,0,0,0,0,19,0,0,0,0,0,0,1,UNK,UNK,UNK,UNK
Hypericaceae,584,582,0,0,0,0,1,0,0,0,0,582,0,0,0,0,0,2,0.996575342465753,0,0,0,0,0,0.00342465753424658,AM,AM,AM,AM
Hypoxidaceae,154,152,0,0,0,0,1,0,0,0,0,152,0,0,0,0,0,2,0.987012987012987,0,0,0,0,0,0.012987012987013,AM,AM,AM,AM
Icacinaceae,212,194,0,0,0,0,1,0,0,0,0,194,0,0,0,0,0,18,0.915094339622642,0,0,0,0,0,0.0849056603773585,AM,AM,AM,AM
Iridaceae,2315,2109.5,0,186.5,0,0,0.918771777003484,0,0.0812282229965157,0,0,1923,0,0,373,0,0,19,0.830669546436285,0,0,0.161123110151188,0,0,0.008207343412527,AM,AM,AM,MIX
Irvingiaceae,11,11,0,0,0,0,1,0,0,0,0,11,0,0,0,0,0,0,1,0,0,0,0,0,0,AM,AM,AM,AM
Iteaceae,19,19,0,0,0,0,1,0,0,0,0,19,0,0,0,0,0,0,1,0,0,0,0,0,0,AM,AM,AM,AM
Ixioliriaceae,4,4,0,0,0,0,1,0,0,0,0,4,0,0,0,0,0,0,1,0,0,0,0,0,0,AM,AM,AM,AM
Ixonanthaceae,20,20,0,0,0,0,1,0,0,0,0,20,0,0,0,0,0,0,1,0,0,0,0,0,0,AM,AM,AM,AM
Joinvilleaceae,4,4,0,0,0,0,1,0,0,0,0,4,0,0,0,0,0,0,1,0,0,0,0,0,0,AM,AM,AM,AM
Juglandaceae,89,39,41,0,0,0,0.4875,0.5125,0,0,0,39,41,0,0,0,0,9,0.438202247191011,0.460674157303371,0,0,0,0,0.101123595505618,EM,MIX,MIX,MIX
Juncaceae,506,252,0,252,0,0,0.5,0,0.5,0,0,0,0,0,504,0,0,2,0,0,0,0.99604743083004,0,0,0.00395256916996047,MIX,MIX,MIX,MIX
Juncaginaceae,35,0.5,0,34.5,0,0,0.0142857142857143,0,0.985714285714286,0,0,0,0,0,1,34,0,0,0,0,0,0.0285714285714286,0.971428571428571,0,0,NM,NM,NM,MIX
Kirkiaceae,5,5,0,0,0,0,1,0,0,0,0,5,0,0,0,0,0,0,1,0,0,0,0,0,0,AM,AM,AM,AM
Koeberliniaceae,2,0,0,2,0,0,0,0,1,0,0,0,0,0,0,2,0,0,0,0,0,0,1,0,0,NM,NM,NM,NM
Krameriaceae,25,25,0,0,0,0,1,0,0,0,0,25,0,0,0,0,0,0,1,0,0,0,0,0,0,AM,AM,AM,AM
Lacistemataceae,13,13,0,0,0,0,1,0,0,0,0,13,0,0,0,0,0,0,1,0,0,0,0,0,0,AM,AM,AM,AM
Lactoridaceae,1,1,0,0,0,0,1,0,0,0,0,1,0,0,0,0,0,0,1,0,0,0,0,0,0,AM,AM,AM,AM
Lamiaceae,7886,7800,0,40,0,0,0.994897959183674,0,0.00510204081632653,0,0,7760,0,0,80,0,0,46,0.984022318031955,0,0,0.0101445599797109,0,0,0.00583312198833376,AM,AM,AM,MIX
Lanariaceae,1,1,0,0,0,0,1,0,0,0,0,1,0,0,0,0,0,0,1,0,0,0,0,0,0,AM,AM,AM,AM
Lardizabalaceae,37,30,0,0,0,0,1,0,0,0,0,30,0,0,0,0,0,7,0.810810810810811,0,0,0,0,0,0.189189189189189,AM,AM,AM,AM
Lauraceae,2978,2862.5,0,21.5,0,0,0.99254507628294,0,0.00745492371705964,0,0,2860,0,0,5,19,0,94,0.960376091336467,0,0,0.00167897918065816,0.00638012088650101,0,0.0315648085963734,AM,AM,AM,MIX
Lecythidaceae,341,339,0,2,0,0,0.994134897360704,0,0.00586510263929619,0,0,337,0,0,4,0,0,0,0.988269794721408,0,0,0.0117302052785924,0,0,0,AM,AM,AM,MIX
Leguminosae,24505,20302.5,1558.5,827,0,0,0.894856311706629,0.0686927009873061,0.0364509873060649,0,0,18823,266,0,3041,640,0,1735,0.768128953274842,0.0108549275658029,0,0.124097123036115,0.0261171189553152,0,0.0708018771679249,AM,AM,AM,MIX
Lentibulariaceae,312,118.5,0,191.5,0,0,0.382258064516129,0,0.617741935483871,0,0,0,0,0,237,73,0,2,0,0,0,0.759615384615385,0.233974358974359,0,0.00641025641025641,NM,NM,MIX,MIX
Lepidobotryaceae,2,2,0,0,0,0,1,0,0,0,0,2,0,0,0,0,0,0,1,0,0,0,0,0,0,AM,AM,AM,AM
Liliaceae,746,662,0,0,0,0,1,0,0,0,0,662,0,0,0,0,0,84,0.887399463806971,0,0,0,0,0,0.112600536193029,AM,AM,AM,AM
Limeaceae,20,0,0,0,0,0,NA,NA,NA,NA,NA,0,0,0,0,0,0,20,0,0,0,0,0,0,1,UNK,UNK,UNK,UNK
Limnanthaceae,9,0,0,9,0,0,0,0,1,0,0,0,0,0,0,9,0,0,0,0,0,0,1,0,0,NM,NM,NM,NM
Linaceae,213,189,0,0,0,0,1,0,0,0,0,189,0,0,0,0,0,24,0.887323943661972,0,0,0,0,0,0.112676056338028,AM,AM,AM,AM
Linderniaceae,164,70,0,84,0,0,0.454545454545455,0,0.545454545454545,0,0,0,0,0,140,14,0,10,0,0,0,0.853658536585366,0.0853658536585366,0,0.0609756097560976,NM,MIX,MIX,MIX
Loasaceae,314,3,0,307,0,0,0.00967741935483871,0,0.990322580645161,0,0,0,0,0,6,304,0,4,0,0,0,0.0191082802547771,0.968152866242038,0,0.0127388535031847,NM,NM,NM,MIX
Loganiaceae,351,345,0,0,0,0,1,0,0,0,0,345,0,0,0,0,0,6,0.982905982905983,0,0,0,0,0,0.0170940170940171,AM,AM,AM,AM
Loranthaceae,886,0,0,875,0,0,0,0,1,0,0,0,0,0,0,875,0,11,0,0,0,0,0.987584650112867,0,0.0124153498871332,NM,NM,NM,NM
Lowiaceae,17,17,0,0,0,0,1,0,0,0,0,17,0,0,0,0,0,0,1,0,0,0,0,0,0,AM,AM,AM,AM
Lythraceae,604,555,0,42,0,0,0.92964824120603,0,0.0703517587939698,0,0,513,0,0,84,0,0,7,0.849337748344371,0,0,0.139072847682119,0,0,0.0115894039735099,AM,AM,AM,MIX
Magnoliaceae,250,248,0,0,0,0,1,0,0,0,0,248,0,0,0,0,0,2,0.992,0,0,0,0,0,0.008,AM,AM,AM,AM
Malpighiaceae,1301,1291,0,0,0,0,1,0,0,0,0,1291,0,0,0,0,0,10,0.992313604919293,0,0,0,0,0,0.00768639508070715,AM,AM,AM,AM
Malvaceae,4465,4355.5,48,13.5,0,0,0.986076522526602,0.0108671043694815,0.00305637310391669,0,0,4342,48,0,27,0,0,48,0.972452407614782,0.0107502799552072,0,0.00604703247480403,0,0,0.0107502799552072,AM,AM,AM,MIX
Marantaceae,569,425.5,0,143.5,0,0,0.74780316344464,0,0.25219683655536,0,0,282,0,0,287,0,0,0,0.495606326889279,0,0,0.504393673110721,0,0,0,AM,AM,MIX,MIX
Marcgraviaceae,137,136,0,0,0,0,1,0,0,0,0,136,0,0,0,0,0,1,0.992700729927007,0,0,0,0,0,0.0072992700729927,AM,AM,AM,AM
Martyniaceae,21,21,0,0,0,0,1,0,0,0,0,21,0,0,0,0,0,0,1,0,0,0,0,0,0,AM,AM,AM,AM
Mayacaceae,6,0,0,0,0,0,NA,NA,NA,NA,NA,0,0,0,0,0,0,6,0,0,0,0,0,0,1,UNK,UNK,UNK,UNK
Melanthiaceae,181,177,0,0,0,0,1,0,0,0,0,177,0,0,0,0,0,4,0.977900552486188,0,0,0,0,0,0.0220994475138122,AM,AM,AM,AM
Melastomataceae,4079,4016,0,0,0,0,1,0,0,0,0,4016,0,0,0,0,0,63,0.98455503799951,0,0,0,0,0,0.0154449620004903,AM,AM,AM,AM
Meliaceae,669,664,0,0,0,0,1,0,0,0,0,664,0,0,0,0,0,5,0.992526158445441,0,0,0,0,0,0.00747384155455904,AM,AM,AM,AM
Melianthaceae,20,20,0,0,0,0,1,0,0,0,0,20,0,0,0,0,0,0,1,0,0,0,0,0,0,AM,AM,AM,AM
Menispermaceae,448,446,0,0,0,0,1,0,0,0,0,446,0,0,0,0,0,2,0.995535714285714,0,0,0,0,0,0.00446428571428571,AM,AM,AM,AM
Menyanthaceae,55,23.5,0,24.5,0,0,0.489583333333333,0,0.510416666666667,0,0,0,0,0,47,1,0,7,0,0,0,0.854545454545454,0.0181818181818182,0,0.127272727272727,NM,MIX,MIX,MIX
Metteniusaceae,3,0,0,0,0,0,NA,NA,NA,NA,NA,0,0,0,0,0,0,3,0,0,0,0,0,0,1,UNK,UNK,UNK,UNK
Misodendraceae,8,0,0,8,0,0,0,0,1,0,0,0,0,0,0,8,0,0,0,0,0,0,1,0,0,NM,NM,NM,NM
Mitrastemonaceae,2,0,0,2,0,0,0,0,1,0,0,0,0,0,0,2,0,0,0,0,0,0,1,0,0,NM,NM,NM,NM
Molluginaceae,103,35.5,0,66.5,0,0,0.348039215686274,0,0.651960784313726,0,0,10,0,0,51,41,0,1,0.0970873786407767,0,0,0.495145631067961,0.398058252427184,0,0.00970873786407767,NM,NM,MIX,MIX
Monimiaceae,134,134,0,0,0,0,1,0,0,0,0,134,0,0,0,0,0,0,1,0,0,0,0,0,0,AM,AM,AM,AM
Montiaceae,113,64.5,0,18.5,0,0,0.77710843373494,0,0.22289156626506,0,0,46,0,0,37,0,0,30,0.407079646017699,0,0,0.327433628318584,0,0,0.265486725663717,AM,AM,MIX,MIX
Montiniaceae,4,4,0,0,0,0,1,0,0,0,0,4,0,0,0,0,0,0,1,0,0,0,0,0,0,AM,AM,AM,AM
Moraceae,1217,1205.5,0,5.5,0,0,0.995458298926507,0,0.00454170107349298,0,0,1200,0,0,11,0,0,6,0.986031224322104,0,0,0.00903861955628595,0,0,0.00493015612161052,AM,AM,AM,MIX
Moringaceae,13,13,0,0,0,0,1,0,0,0,0,13,0,0,0,0,0,0,1,0,0,0,0,0,0,AM,AM,AM,AM
Muntingiaceae,3,3,0,0,0,0,1,0,0,0,0,3,0,0,0,0,0,0,1,0,0,0,0,0,0,AM,AM,AM,AM
Musaceae,78,78,0,0,0,0,1,0,0,0,0,78,0,0,0,0,0,0,1,0,0,0,0,0,0,AM,AM,AM,AM
Myodocarpaceae,15,15,0,0,0,0,1,0,0,0,0,15,0,0,0,0,0,0,1,0,0,0,0,0,0,AM,AM,AM,AM
Myricaceae,53,41,0,11,0,0,0.788461538461538,0,0.211538461538462,0,0,30,0,0,22,0,0,1,0.566037735849057,0,0,0.415094339622642,0,0,0.0188679245283019,AM,AM,MIX,MIX
Myristicaceae,170,165,0,0,0,0,1,0,0,0,0,165,0,0,0,0,0,5,0.970588235294118,0,0,0,0,0,0.0294117647058824,AM,AM,AM,AM
Myrothamnaceae,2,2,0,0,0,0,1,0,0,0,0,2,0,0,0,0,0,0,1,0,0,0,0,0,0,AM,AM,AM,AM
Myrtaceae,5970,4964,989,0,0,0,0.833865278011087,0.166134721988913,0,0,0,3976,1,0,1976,0,0,17,0.665996649916248,0.00016750418760469,0,0.330988274706868,0,0,0.00284757118927973,AM,AM,AM,MIX
Nartheciaceae,36,32.5,0,3.5,0,0,0.902777777777778,0,0.0972222222222222,0,0,29,0,0,7,0,0,0,0.805555555555556,0,0,0.194444444444444,0,0,0,AM,AM,AM,MIX
Nelumbonaceae,2,0,0,2,0,0,0,0,1,0,0,0,0,0,0,2,0,0,0,0,0,0,1,0,0,NM,NM,NM,NM
Nepenthaceae,7,3.5,0,3.5,0,0,0.5,0,0.5,0,0,0,0,0,7,0,0,0,0,0,0,1,0,0,0,MIX,MIX,MIX,MIX
Neuradaceae,7,7,0,0,0,0,1,0,0,0,0,7,0,0,0,0,0,0,1,0,0,0,0,0,0,AM,AM,AM,AM
Nitrariaceae,12,12,0,0,0,0,1,0,0,0,0,12,0,0,0,0,0,0,1,0,0,0,0,0,0,AM,AM,AM,AM
Nothofagaceae,38,0,38,0,0,0,0,1,0,0,0,0,38,0,0,0,0,0,0,1,0,0,0,0,0,EM,EM,EM,EM
Nyctaginaceae,450,133,141,133,0,0,0.326781326781327,0.346437346437346,0.326781326781327,0,0,0,141,0,290,0,0,19,0,0.313333333333333,0,0.644444444444444,0,0,0.0422222222222222,MIX,MIX,MIX,MIX
Nymphaeaceae,70,24.5,0,42.5,0,0,0.365671641791045,0,0.634328358208955,0,0,0,0,0,49,18,0,3,0,0,0,0.7,0.257142857142857,0,0.0428571428571429,NM,NM,MIX,MIX
Ochnaceae,560,406.5,0,137.5,0,0,0.747242647058823,0,0.252757352941176,0,0,269,0,0,275,0,0,16,0.480357142857143,0,0,0.491071428571429,0,0,0.0285714285714286,AM,AM,MIX,MIX
Olacaceae,149,143,0,5,0,0,0.966216216216216,0,0.0337837837837838,0,0,138,0,0,10,0,0,1,0.926174496644295,0,0,0.0671140939597315,0,0,0.00671140939597315,AM,AM,AM,MIX
Oleaceae,688,688,0,0,0,0,1,0,0,0,0,688,0,0,0,0,0,0,1,0,0,0,0,0,0,AM,AM,AM,AM
Onagraceae,832,711.5,0,45.5,0,0,0.939894319682959,0,0.060105680317041,0,0,666,0,0,91,0,0,75,0.800480769230769,0,0,0.109375,0,0,0.0901442307692308,AM,AM,AM,MIX
Oncothecaceae,1,1,0,0,0,0,1,0,0,0,0,1,0,0,0,0,0,0,1,0,0,0,0,0,0,AM,AM,AM,AM
Opiliaceae,33,16.5,0,16.5,0,0,0.5,0,0.5,0,0,0,0,0,33,0,0,0,0,0,0,1,0,0,0,MIX,MIX,MIX,MIX
Orchidaceae,27801,89,0,0,26952,0,0.00329129839872786,0,0,0.996708701601272,0,89,0,0,0,0,26952,760,0.00320132369339232,0,0,0,0,0.969461530160786,0.0273371461458221,OM,OM,OM,MIX
Orobanchaceae,1613,644,0,959,0,0,0.40174672489083,0,0.59825327510917,0,0,0,0,0,1288,315,0,10,0,0,0,0.798512089274644,0.195288282703038,0,0.00619962802231866,NM,MIX,MIX,MIX
Oxalidaceae,601,596,0,0,0,0,1,0,0,0,0,596,0,0,0,0,0,5,0.991680532445923,0,0,0,0,0,0.00831946755407654,AM,AM,AM,AM
Paeoniaceae,36,36,0,0,0,0,1,0,0,0,0,36,0,0,0,0,0,0,1,0,0,0,0,0,0,AM,AM,AM,AM
Pandaceae,17,17,0,0,0,0,1,0,0,0,0,17,0,0,0,0,0,0,1,0,0,0,0,0,0,AM,AM,AM,AM
Pandanaceae,1062,685,0,377,0,0,0.645009416195857,0,0.354990583804143,0,0,308,0,0,754,0,0,0,0.290018832391714,0,0,0.709981167608286,0,0,0,AM,AM,MIX,MIX
Papaveraceae,920,418,0,500,0,0,0.455337690631808,0,0.544662309368192,0,0,2,0,0,832,84,0,2,0.00217391304347826,0,0,0.904347826086957,0.091304347826087,0,0.00217391304347826,NM,MIX,MIX,MIX
Paracryphiaceae,29,29,0,0,0,0,1,0,0,0,0,29,0,0,0,0,0,0,1,0,0,0,0,0,0,AM,AM,AM,AM
Passifloraceae,932,920,0,0,0,0,1,0,0,0,0,920,0,0,0,0,0,12,0.987124463519313,0,0,0,0,0,0.0128755364806867,AM,AM,AM,AM
Paulowniaceae,20,14.5,0,5.5,0,0,0.725,0,0.275,0,0,9,0,0,11,0,0,0,0.45,0,0,0.55,0,0,0,AM,AM,MIX,MIX
Pedaliaceae,67,46,0,15,0,0,0.754098360655738,0,0.245901639344262,0,0,31,0,0,30,0,0,6,0.462686567164179,0,0,0.447761194029851,0,0,0.0895522388059701,AM,AM,MIX,MIX
Penaeaceae,45,45,0,0,0,0,1,0,0,0,0,45,0,0,0,0,0,0,1,0,0,0,0,0,0,AM,AM,AM,AM
Pentadiplandraceae,1,0,0,1,0,0,0,0,1,0,0,0,0,0,0,1,0,0,0,0,0,0,1,0,0,NM,NM,NM,NM
Pentaphragmataceae,2,2,0,0,0,0,1,0,0,0,0,2,0,0,0,0,0,0,1,0,0,0,0,0,0,AM,AM,AM,AM
Pentaphylacaceae,429,428,0,0,0,0,1,0,0,0,0,428,0,0,0,0,0,1,0.997668997668998,0,0,0,0,0,0.00233100233100233,AM,AM,AM,AM
Penthoraceae,2,0,0,0,0,0,NA,NA,NA,NA,NA,0,0,0,0,0,0,2,0,0,0,0,0,0,1,UNK,UNK,UNK,UNK
Peridiscaceae,9,9,0,0,0,0,1,0,0,0,0,9,0,0,0,0,0,0,1,0,0,0,0,0,0,AM,AM,AM,AM
Petermanniaceae,1,1,0,0,0,0,1,0,0,0,0,1,0,0,0,0,0,0,1,0,0,0,0,0,0,AM,AM,AM,AM
Petrosaviaceae,4,4,0,0,0,0,1,0,0,0,0,4,0,0,0,0,0,0,1,0,0,0,0,0,0,AM,AM,AM,AM
Philesiaceae,2,2,0,0,0,0,1,0,0,0,0,2,0,0,0,0,0,0,1,0,0,0,0,0,0,AM,AM,AM,AM
Philydraceae,6,6,0,0,0,0,1,0,0,0,0,6,0,0,0,0,0,0,1,0,0,0,0,0,0,AM,AM,AM,AM
Phrymaceae,199,194,0,0,0,0,1,0,0,0,0,194,0,0,0,0,0,5,0.974874371859296,0,0,0,0,0,0.0251256281407035,AM,AM,AM,AM
Phyllanthaceae,2099,2038.5,30.5,0,0,0,0.985258579023683,0.0147414209763171,0,0,0,2008,0,0,61,0,0,30,0.956646021915198,0,0,0.0290614578370653,0,0,0.014292520247737,AM,AM,AM,MIX
Phyllonomaceae,5,5,0,0,0,0,1,0,0,0,0,5,0,0,0,0,0,0,1,0,0,0,0,0,0,AM,AM,AM,AM
Physenaceae,2,0,0,0,0,0,NA,NA,NA,NA,NA,0,0,0,0,0,0,2,0,0,0,0,0,0,1,UNK,UNK,UNK,UNK
Phytolaccaceae,62,15.5,0,46.5,0,0,0.25,0,0.75,0,0,0,0,0,31,31,0,0,0,0,0,0.5,0.5,0,0,NM,NM,MIX,MIX
Picramniaceae,48,45,0,0,0,0,1,0,0,0,0,45,0,0,0,0,0,3,0.9375,0,0,0,0,0,0.0625,AM,AM,AM,AM
Picrodendraceae,96,96,0,0,0,0,1,0,0,0,0,96,0,0,0,0,0,0,1,0,0,0,0,0,0,AM,AM,AM,AM
Pinaceae,255,0,255,0,0,0,0,1,0,0,0,0,255,0,0,0,0,0,0,1,0,0,0,0,0,EM,EM,EM,EM
Piperaceae,2658,1318.5,0,1313.5,0,0,0.500949848024316,0,0.499050151975684,0,0,5,0,0,2627,0,0,26,0.0018811136192626,0,0,0.988337095560572,0,0,0.00978179082016554,AM,MIX,MIX,MIX
Pittosporaceae,170,165,0,0,0,0,1,0,0,0,0,165,0,0,0,0,0,5,0.970588235294118,0,0,0,0,0,0.0294117647058824,AM,AM,AM,AM
Plantaginaceae,1614,1068.5,0,487.5,0,0,0.686696658097686,0,0.313303341902314,0,0,644,0,0,849,63,0,58,0.399008674101611,0,0,0.526022304832714,0.0390334572490706,0,0.0359355638166047,AM,AM,MIX,MIX
Platanaceae,9,9,0,0,0,0,1,0,0,0,0,9,0,0,0,0,0,0,1,0,0,0,0,0,0,AM,AM,AM,AM
Plocospermataceae,1,1,0,0,0,0,1,0,0,0,0,1,0,0,0,0,0,0,1,0,0,0,0,0,0,AM,AM,AM,AM
Plumbaginaceae,635,315,0,318,0,0,0.497630331753554,0,0.502369668246445,0,0,17,0,0,596,20,0,2,0.0267716535433071,0,0,0.938582677165354,0.031496062992126,0,0.0031496062992126,NM,MIX,MIX,MIX
Poaceae,11554,10773,0,512,0,0,0.954630039875942,0,0.0453699601240585,0,0,10267,0,0,1012,6,0,269,0.888610005193007,0,0,0.087588713865328,0.000519300675090878,0,0.0232819802665743,AM,AM,AM,MIX
Podocarpaceae,191,189,0,0,0,0,1,0,0,0,0,189,0,0,0,0,0,2,0.989528795811518,0,0,0,0,0,0.0104712041884817,AM,AM,AM,AM
Podostemaceae,250,0,0,236,0,0,0,0,1,0,0,0,0,0,0,236,0,14,0,0,0,0,0.944,0,0.056,NM,NM,NM,NM
Polemoniaceae,455,424,0,19,0,0,0.957110609480813,0,0.0428893905191874,0,0,405,0,0,38,0,0,12,0.89010989010989,0,0,0.0835164835164835,0,0,0.0263736263736264,AM,AM,AM,MIX
Polygalaceae,1163,1137,0,0,0,0,1,0,0,0,0,1137,0,0,0,0,0,26,0.977644024075666,0,0,0,0,0,0.0223559759243336,AM,AM,AM,AM
Polygonaceae,1384,550,179,635,0,0,0.403225806451613,0.131231671554252,0.465542521994135,0,0,0,179,0,1100,85,0,20,0,0.129335260115607,0,0.794797687861272,0.0614161849710983,0,0.0144508670520231,MIX,MIX,MIX,MIX
Pontederiaceae,33,16.5,0,16.5,0,0,0.5,0,0.5,0,0,0,0,0,33,0,0,0,0,0,0,1,0,0,0,MIX,MIX,MIX,MIX
Portulacaceae,258,94.5,0,160.5,0,0,0.370588235294118,0,0.629411764705882,0,0,38,0,0,113,104,0,3,0.147286821705426,0,0,0.437984496124031,0.403100775193798,0,0.0116279069767442,NM,NM,MIX,MIX
Posidoniaceae,10,0,0,10,0,0,0,0,1,0,0,0,0,0,0,10,0,0,0,0,0,0,1,0,0,NM,NM,NM,NM
Potamogetonaceae,186,18.5,0,167.5,0,0,0.0994623655913978,0,0.900537634408602,0,0,17,0,0,3,166,0,0,0.0913978494623656,0,0,0.0161290322580645,0.89247311827957,0,0,NM,NM,NM,MIX
Primulaceae,2788,2614,0,0,0,0,1,0,0,0,0,2614,0,0,0,0,0,174,0.937589670014347,0,0,0,0,0,0.0624103299856528,AM,AM,AM,AM
Proteaceae,1252,6,0,1245,0,0,0.00479616306954436,0,0.995203836930456,0,0,6,0,0,0,1245,0,1,0.00479233226837061,0,0,0,0.994408945686901,0,0.000798722044728434,NM,NM,NM,MIX
Putranjivaceae,216,216,0,0,0,0,1,0,0,0,0,216,0,0,0,0,0,0,1,0,0,0,0,0,0,AM,AM,AM,AM
Quillajaceae,2,2,0,0,0,0,1,0,0,0,0,2,0,0,0,0,0,0,1,0,0,0,0,0,0,AM,AM,AM,AM
Rafflesiaceae,22,0,0,22,0,0,0,0,1,0,0,0,0,0,0,22,0,0,0,0,0,0,1,0,0,NM,NM,NM,NM
Ranunculaceae,2377,2361,0,7,0,0,0.997043918918919,0,0.00295608108108108,0,0,2358,0,0,6,4,0,9,0.992006731173748,0,0,0.00252419015565839,0.0016827934371056,0,0.00378628523348759,AM,AM,AM,MIX
Rapateaceae,95,87,0,0,0,0,1,0,0,0,0,87,0,0,0,0,0,8,0.91578947368421,0,0,0,0,0,0.0842105263157895,AM,AM,AM,AM
Resedaceae,51,0,0,50,0,0,0,0,1,0,0,0,0,0,0,50,0,1,0,0,0,0,0.980392156862745,0,0.0196078431372549,NM,NM,NM,NM
Restionaceae,482,227,0,241,0,0,0.485042735042735,0,0.514957264957265,0,0,0,0,0,454,14,0,14,0,0,0,0.941908713692946,0.029045643153527,0,0.029045643153527,NM,MIX,MIX,MIX
Rhabdodendraceae,3,0,0,0,0,0,NA,NA,NA,NA,NA,0,0,0,0,0,0,3,0,0,0,0,0,0,1,UNK,UNK,UNK,UNK
Rhamnaceae,839,756,70,4,0,0,0.910843373493976,0.0843373493975904,0.00481927710843374,0,0,752,70,0,8,0,0,9,0.896305125148987,0.0834326579261025,0,0.00953516090584029,0,0,0.0107270560190703,AM,AM,AM,MIX
Rhipogonaceae,6,6,0,0,0,0,1,0,0,0,0,6,0,0,0,0,0,0,1,0,0,0,0,0,0,AM,AM,AM,AM
Rhizophoraceae,142,76,0,63,0,1,0.542857142857143,0,0.45,0,0.00714285714285714,13,0,1,126,0,0,2,0.0915492957746479,0,0.00704225352112676,0.887323943661972,0,0,0.0140845070422535,AM,MIX,MIX,MIX
Roridulaceae,2,0,0,2,0,0,0,0,1,0,0,0,0,0,0,2,0,0,0,0,0,0,1,0,0,NM,NM,NM,NM
Rosaceae,4828,4774.5,20,0.5,0,0,0.995724713242961,0.00417101147028154,0.000104275286757039,0,0,4766,12,0,17,0,0,33,0.987158243579122,0.00248550124275062,0,0.00352112676056338,0,0,0.00683512841756421,AM,AM,AM,MIX
Rousseaceae,14,14,0,0,0,0,1,0,0,0,0,14,0,0,0,0,0,0,1,0,0,0,0,0,0,AM,AM,AM,AM
Rubiaceae,13673,12347.5,0,770.5,0,0,0.941263912181735,0,0.058736087818265,0,0,11577,0,0,1541,0,0,555,0.846705185401887,0,0,0.112703868938784,0,0,0.0405909456593286,AM,AM,AM,MIX
Ruppiaceae,8,4,0,4,0,0,0.5,0,0.5,0,0,0,0,0,8,0,0,0,0,0,0,1,0,0,0,MIX,MIX,MIX,MIX
Rutaceae,1730,1685.5,0,9.5,0,0,0.994395280235988,0,0.0056047197640118,0,0,1676,0,0,19,0,0,35,0.96878612716763,0,0,0.0109826589595376,0,0,0.0202312138728324,AM,AM,AM,MIX
Sabiaceae,116,115,0,0,0,0,1,0,0,0,0,115,0,0,0,0,0,1,0.991379310344828,0,0,0,0,0,0.00862068965517241,AM,AM,AM,AM
Salicaceae,1269,938,325,0,0,0,0.742676167854315,0.257323832145685,0,0,0,613,0,0,650,0,0,6,0.483057525610717,0,0,0.512214342001576,0,0,0.00472813238770686,AM,AM,MIX,MIX
Salvadoraceae,8,2.5,0,5.5,0,0,0.3125,0,0.6875,0,0,0,0,0,5,3,0,0,0,0,0,0.625,0.375,0,0,NM,NM,MIX,MIX
Santalaceae,992,488,0,488,0,0,0.5,0,0.5,0,0,1,0,0,974,1,0,16,0.00100806451612903,0,0,0.981854838709677,0.00100806451612903,0,0.0161290322580645,MIX,MIX,MIX,MIX
Sapindaceae,1751,1706,0,0,0,0,1,0,0,0,0,1706,0,0,0,0,0,45,0.974300399771559,0,0,0,0,0,0.0256996002284409,AM,AM,AM,AM
Sapotaceae,1343,1232.5,0,22.5,0,0,0.98207171314741,0,0.0179282868525896,0,0,1210,0,0,45,0,0,88,0.900967982129561,0,0,0.0335070737155622,0,0,0.0655249441548771,AM,AM,AM,MIX
Sarcobataceae,2,0,0,2,0,0,0,0,1,0,0,0,0,0,0,2,0,0,0,0,0,0,1,0,0,NM,NM,NM,NM
Sarcolaenaceae,69,0,69,0,0,0,0,1,0,0,0,0,69,0,0,0,0,0,0,1,0,0,0,0,0,EM,EM,EM,EM
Sarraceniaceae,32,0,0,32,0,0,0,0,1,0,0,0,0,0,0,32,0,0,0,0,0,0,1,0,0,NM,NM,NM,NM
Saururaceae,7,7,0,0,0,0,1,0,0,0,0,7,0,0,0,0,0,0,1,0,0,0,0,0,0,AM,AM,AM,AM
Saxifragaceae,775,340,0,405,0,0,0.456375838926175,0,0.543624161073825,0,0,8,0,0,664,73,0,30,0.0103225806451613,0,0,0.856774193548387,0.0941935483870968,0,0.0387096774193548,NM,MIX,MIX,MIX
Scheuchzeriaceae,1,0.5,0,0.5,0,0,0.5,0,0.5,0,0,0,0,0,1,0,0,0,0,0,0,1,0,0,0,MIX,MIX,MIX,MIX
Schisandraceae,73,73,0,0,0,0,1,0,0,0,0,73,0,0,0,0,0,0,1,0,0,0,0,0,0,AM,AM,AM,AM
Schlegeliaceae,43,43,0,0,0,0,1,0,0,0,0,43,0,0,0,0,0,0,1,0,0,0,0,0,0,AM,AM,AM,AM
Schoepfiaceae,51,31,0,0,0,0,1,0,0,0,0,31,0,0,0,0,0,20,0.607843137254902,0,0,0,0,0,0.392156862745098,AM,AM,AM,AM
Sciadopityaceae,1,1,0,0,0,0,1,0,0,0,0,1,0,0,0,0,0,0,1,0,0,0,0,0,0,AM,AM,AM,AM
Scrophulariaceae,1576,1470.5,0,64.5,0,0,0.957980456026059,0,0.0420195439739414,0,0,1406,0,0,129,0,0,41,0.892131979695431,0,0,0.0818527918781726,0,0,0.0260152284263959,AM,AM,AM,MIX
Setchellanthaceae,1,0,0,0,0,0,NA,NA,NA,NA,NA,0,0,0,0,0,0,1,0,0,0,0,0,0,1,UNK,UNK,UNK,UNK
Simaroubaceae,121,117,0,0,0,0,1,0,0,0,0,117,0,0,0,0,0,4,0.966942148760331,0,0,0,0,0,0.0330578512396694,AM,AM,AM,AM
Simmondsiaceae,2,2,0,0,0,0,1,0,0,0,0,2,0,0,0,0,0,0,1,0,0,0,0,0,0,AM,AM,AM,AM
Siparunaceae,61,61,0,0,0,0,1,0,0,0,0,61,0,0,0,0,0,0,1,0,0,0,0,0,0,AM,AM,AM,AM
Sladeniaceae,3,3,0,0,0,0,1,0,0,0,0,3,0,0,0,0,0,0,1,0,0,0,0,0,0,AM,AM,AM,AM
Smilacaceae,261,248,0,0,0,0,1,0,0,0,0,248,0,0,0,0,0,13,0.950191570881226,0,0,0,0,0,0.0498084291187739,AM,AM,AM,AM
Solanaceae,2678,2557,0,0,0,0,1,0,0,0,0,2557,0,0,0,0,0,121,0.954817027632562,0,0,0,0,0,0.0451829723674384,AM,AM,AM,AM
Sphaerosepalaceae,20,20,0,0,0,0,1,0,0,0,0,20,0,0,0,0,0,0,1,0,0,0,0,0,0,AM,AM,AM,AM
Sphenocleaceae,2,0,0,2,0,0,0,0,1,0,0,0,0,0,0,2,0,0,0,0,0,0,1,0,0,NM,NM,NM,NM
Stachyuraceae,7,7,0,0,0,0,1,0,0,0,0,7,0,0,0,0,0,0,1,0,0,0,0,0,0,AM,AM,AM,AM
Staphyleaceae,30,30,0,0,0,0,1,0,0,0,0,30,0,0,0,0,0,0,1,0,0,0,0,0,0,AM,AM,AM,AM
Stegnospermataceae,5,5,0,0,0,0,1,0,0,0,0,5,0,0,0,0,0,0,1,0,0,0,0,0,0,AM,AM,AM,AM
Stemonaceae,36,36,0,0,0,0,1,0,0,0,0,36,0,0,0,0,0,0,1,0,0,0,0,0,0,AM,AM,AM,AM
Stemonuraceae,71,71,0,0,0,0,1,0,0,0,0,71,0,0,0,0,0,0,1,0,0,0,0,0,0,AM,AM,AM,AM
Stilbaceae,38,38,0,0,0,0,1,0,0,0,0,38,0,0,0,0,0,0,1,0,0,0,0,0,0,AM,AM,AM,AM
Strasburgeriaceae,2,0,0,0,0,0,NA,NA,NA,NA,NA,0,0,0,0,0,0,2,0,0,0,0,0,0,1,UNK,UNK,UNK,UNK
Strelitziaceae,7,7,0,0,0,0,1,0,0,0,0,7,0,0,0,0,0,0,1,0,0,0,0,0,0,AM,AM,AM,AM
Stylidiaceae,31,31,0,0,0,0,1,0,0,0,0,31,0,0,0,0,0,0,1,0,0,0,0,0,0,AM,AM,AM,AM
Styracaceae,133,133,0,0,0,0,1,0,0,0,0,133,0,0,0,0,0,0,1,0,0,0,0,0,0,AM,AM,AM,AM
Surianaceae,6,6,0,0,0,0,1,0,0,0,0,6,0,0,0,0,0,0,1,0,0,0,0,0,0,AM,AM,AM,AM
Symplocaceae,210,208,0,0,0,0,1,0,0,0,0,208,0,0,0,0,0,2,0.990476190476191,0,0,0,0,0,0.00952380952380952,AM,AM,AM,AM
Talinaceae,28,0,0,0,0,0,NA,NA,NA,NA,NA,0,0,0,0,0,0,28,0,0,0,0,0,0,1,UNK,UNK,UNK,UNK
Tamaricaceae,79,39.5,0,39.5,0,0,0.5,0,0.5,0,0,0,0,0,79,0,0,0,0,0,0,1,0,0,0,MIX,MIX,MIX,MIX
Tapisciaceae,6,6,0,0,0,0,1,0,0,0,0,6,0,0,0,0,0,0,1,0,0,0,0,0,0,AM,AM,AM,AM
Taxaceae,31,31,0,0,0,0,1,0,0,0,0,31,0,0,0,0,0,0,1,0,0,0,0,0,0,AM,AM,AM,AM
Tecophilaeaceae,26,26,0,0,0,0,1,0,0,0,0,26,0,0,0,0,0,0,1,0,0,0,0,0,0,AM,AM,AM,AM
Tetrachondraceae,3,3,0,0,0,0,1,0,0,0,0,3,0,0,0,0,0,0,1,0,0,0,0,0,0,AM,AM,AM,AM
Tetramelaceae,1,1,0,0,0,0,1,0,0,0,0,1,0,0,0,0,0,0,1,0,0,0,0,0,0,AM,AM,AM,AM
Tetrameristaceae,2,2,0,0,0,0,1,0,0,0,0,2,0,0,0,0,0,0,1,0,0,0,0,0,0,AM,AM,AM,AM
Theaceae,370,364,0,0,0,0,1,0,0,0,0,364,0,0,0,0,0,6,0.983783783783784,0,0,0,0,0,0.0162162162162162,AM,AM,AM,AM
Thurniaceae,4,4,0,0,0,0,1,0,0,0,0,4,0,0,0,0,0,0,1,0,0,0,0,0,0,AM,AM,AM,AM
Thymelaeaceae,938,936.5,0,0.5,0,0,0.999466382070438,0,0.000533617929562433,0,0,936,0,0,1,0,0,1,0.997867803837953,0,0,0.00106609808102345,0,0,0.00106609808102345,AM,AM,AM,MIX
Ticodendraceae,1,0,1,0,0,0,0,1,0,0,0,0,1,0,0,0,0,0,0,1,0,0,0,0,0,EM,EM,EM,EM
Tofieldiaceae,29,11.5,0,6.5,0,0,0.638888888888889,0,0.361111111111111,0,0,5,0,0,13,0,0,11,0.172413793103448,0,0,0.448275862068966,0,0,0.379310344827586,AM,AM,MIX,MIX
Torricelliaceae,8,8,0,0,0,0,1,0,0,0,0,8,0,0,0,0,0,0,1,0,0,0,0,0,0,AM,AM,AM,AM
Tovariaceae,2,0,0,0,0,0,NA,NA,NA,NA,NA,0,0,0,0,0,0,2,0,0,0,0,0,0,1,UNK,UNK,UNK,UNK
Trigoniaceae,32,32,0,0,0,0,1,0,0,0,0,32,0,0,0,0,0,0,1,0,0,0,0,0,0,AM,AM,AM,AM
Triuridaceae,54,54,0,0,0,0,1,0,0,0,0,54,0,0,0,0,0,0,1,0,0,0,0,0,0,AM,AM,AM,AM
Trochodendraceae,2,2,0,0,0,0,1,0,0,0,0,2,0,0,0,0,0,0,1,0,0,0,0,0,0,AM,AM,AM,AM
Tropaeolaceae,89,88,0,0,0,0,1,0,0,0,0,88,0,0,0,0,0,1,0.98876404494382,0,0,0,0,0,0.0112359550561798,AM,AM,AM,AM
Typhaceae,65,32.5,0,32.5,0,0,0.5,0,0.5,0,0,0,0,0,65,0,0,0,0,0,0,1,0,0,0,MIX,MIX,MIX,MIX
Ulmaceae,64,64,0,0,0,0,1,0,0,0,0,64,0,0,0,0,0,0,1,0,0,0,0,0,0,AM,AM,AM,AM
Urticaceae,1465,770.5,0,687.5,0,0,0.528463648834019,0,0.471536351165981,0,0,114,0,0,1313,31,0,7,0.0778156996587031,0,0,0.896245733788396,0.021160409556314,0,0.00477815699658703,AM,MIX,MIX,MIX
Vahliaceae,5,5,0,0,0,0,1,0,0,0,0,5,0,0,0,0,0,0,1,0,0,0,0,0,0,AM,AM,AM,AM
Velloziaceae,278,278,0,0,0,0,1,0,0,0,0,278,0,0,0,0,0,0,1,0,0,0,0,0,0,AM,AM,AM,AM
Verbenaceae,1035,1026,0,0,0,0,1,0,0,0,0,1026,0,0,0,0,0,9,0.991304347826087,0,0,0,0,0,0.00869565217391304,AM,AM,AM,AM
Violaceae,806,797,0,0,0,0,1,0,0,0,0,797,0,0,0,0,0,9,0.988833746898263,0,0,0,0,0,0.011166253101737,AM,AM,AM,AM
Vitaceae,985,727,0,0,0,0,1,0,0,0,0,727,0,0,0,0,0,258,0.738071065989848,0,0,0,0,0,0.261928934010152,AM,AM,AM,AM
Vivianiaceae,16,14,0,0,0,0,1,0,0,0,0,14,0,0,0,0,0,2,0.875,0,0,0,0,0,0.125,AM,AM,AM,AM
Vochysiaceae,215,215,0,0,0,0,1,0,0,0,0,215,0,0,0,0,0,0,1,0,0,0,0,0,0,AM,AM,AM,AM
Welwitschiaceae,1,1,0,0,0,0,1,0,0,0,0,1,0,0,0,0,0,0,1,0,0,0,0,0,0,AM,AM,AM,AM
Winteraceae,32,31,0,0,0,0,1,0,0,0,0,31,0,0,0,0,0,1,0.96875,0,0,0,0,0,0.03125,AM,AM,AM,AM
Xanthorrhoeaceae,1236,1230,0,0,0,0,1,0,0,0,0,1230,0,0,0,0,0,6,0.995145631067961,0,0,0,0,0,0.00485436893203883,AM,AM,AM,AM
Xeronemataceae,2,2,0,0,0,0,1,0,0,0,0,2,0,0,0,0,0,0,1,0,0,0,0,0,0,AM,AM,AM,AM
Xyridaceae,387,193.5,0,193.5,0,0,0.5,0,0.5,0,0,0,0,0,387,0,0,0,0,0,0,1,0,0,0,MIX,MIX,MIX,MIX
Zamiaceae,216,216,0,0,0,0,1,0,0,0,0,216,0,0,0,0,0,0,1,0,0,0,0,0,0,AM,AM,AM,AM
Zingiberaceae,1587,1576,0,0,0,0,1,0,0,0,0,1576,0,0,0,0,0,11,0.993068683049779,0,0,0,0,0,0.00693131695022054,AM,AM,AM,AM
Zosteraceae,23,0,0,22,0,0,0,0,1,0,0,0,0,0,0,22,0,1,0,0,0,0,0.956521739130435,0,0.0434782608695652,NM,NM,NM,NM
Zygophyllaceae,211,130.5,0,77.5,0,0,0.627403846153846,0,0.372596153846154,0,0,54,0,0,153,1,0,3,0.255924170616114,0,0,0.725118483412322,0.004739336492891,0,0.014218009478673,AM,AM,MIX,MIX
